region,year,id,x1,x2,x3,x4,x5,x6,x7,x8,x9,x10,x11
上海市,2007,上海市2007,6822.682032477737,0.41251800864414917,,0.29514097180563886,0.9598144795535565,3111.0,1.2866947175226735,0.11688400980908945,1.6990425353216745,0.816370252543961,176.4
上海市,2008,上海市2008,8269.662921348314,0.2684010152284264,43815.0,0.05963083142720357,0.9296210562414267,3111.0,1.464053776916942,0.1091766262768289,1.6475462962962963,0.5894909260605474,148.42
上海市,2009,上海市2009,9387.41223671013,-0.1721311475409836,67420.0,0.08216503992901508,0.8807030379041247,9668.0,1.4430394017399146,0.05300390371306662,1.6999982580824973,0.8084480291344397,92.1
上海市,2010,上海市2010,12220.246913580248,0.5316037735849056,,0.2977142857142857,0.8831132360777085,12530.0,1.3045949613113792,0.10923353887096354,1.475145091375164,0.5576635047428856,232.34
上海市,2011,上海市2011,15590.526341333203,0.3315270935960591,79147.0,0.14856454527203372,0.7964734859838661,12530.0,0.8711164235328208,0.09849943651223256,1.3669594568177967,0.8582643448472738,278.54
上海市,2012,上海市2012,17304.60207283446,-0.11257606490872211,82355.0,0.15984445354072863,0.7625872893634239,16805.0,0.923352756611385,0.1002596049166752,1.3800529936172712,0.47842000190132145,272.16
上海市,2013,上海市2013,18815.45405645595,0.02506112469437653,92136.0,0.16955900367496937,0.7145957013895149,20140.0,0.7480404117144297,0.09853472962521685,1.4024429191402779,0.5543810777467963,308.2
上海市,2014,上海市2014,19937.833449315705,0.128,93868.0,0.1942126940542824,0.7077902196323411,27540.0,0.7344595534661658,0.11407547169811322,1.3135791799898766,0.5437940330594031,249.0
上海市,2015,上海市2015,19254.508187282652,-0.1292604501607717,94981.0,0.2074716477651768,0.7234059275410085,30815.0,0.7491682029511352,0.10632225716556054,1.385610881525239,0.3876036320568496,236.25
上海市,2016,上海市2016,20426.907556859867,0.12859947643979058,98671.0,0.23733684588672016,0.6737667018830402,37513.0,0.7258796988075357,0.11496580196368454,1.3972692809645142,0.773421378456459,241.01
上海市,2017,上海市2017,22247.881404326276,0.5794621026894865,88967.0,0.2532627431667077,0.5974692004366521,43416.0,0.7219348728782691,0.10327393797398113,1.2678336712188385,0.6878660656707686,233.0
上海市,2018,上海市2018,24262.422183202973,0.38446507083536885,88016.0,0.26740467404674045,0.5493644697086086,47940.0,0.7465290397615759,0.11023244668104482,1.173117222307574,0.612872153023308,233.0
上海市,2019,上海市2019,25505.702554744526,-0.03634703196347032,80694.0,0.26766180492251596,0.5607594275020648,53559.0,0.807295451242552,0.14997933086670287,1.2228267346917439,0.6293383242153757,233.0
上海市,2020,上海市2020,34645.39007092199,0.1684981684981685,87957.0,0.28373466606088144,0.5925977871279414,62147.0,0.8697234352256187,0.14951416568667242,1.1531442522466366,0.4435686543294494,233.0
上海市,2021,上海市2021,39784.75894245723,,93966.0,0.29240519926952413,0.5342521565652308,66509.0,0.9692307692307692,0.17253201796102546,1.0942538424794177,0.38018847801579153,233.0
云南省,2007,云南省2007,1778.4810126582279,0.35533207626230884,,0.3522167487684729,0.007591274662963605,623.0,0.0526720492118416,0.02454903373562183,4.126962911531563,0.816370252543961,4.03
云南省,2008,云南省2008,1835.3658536585365,0.38737758433079433,8203.0,0.11642156862745098,0.007239797381248208,623.0,0.05486098152640418,0.0477848713484233,3.5892287106948295,0.5894909260605474,12.85
云南省,2009,云南省2009,2005.9171597633135,0.07531380753138076,6790.0,0.06253687315634218,0.006112412177985949,807.0,0.052377115229653506,0.053391013881663604,3.762088992974239,0.9939262990622508,26.84
云南省,2010,云南省2010,2414.2011834319524,0.48956356736242884,,0.17932148626817448,0.005394392523364486,1208.0,0.05153901216893343,0.03587279340608002,3.2426803738317758,0.9899328859060402,31.09
云南省,2011,云南省2011,2906.4327485380118,0.23367285799880166,10335.0,0.10317460317460317,0.005626523647001462,1208.0,0.03639876244207697,0.04517742691886822,3.10101738989111,0.4048931395830156,34.3
云南省,2012,云南省2012,3298.8505747126437,0.3227401129943503,12321.0,0.09467455621301775,0.0074914263225951535,1644.0,0.04268017627259794,0.04876219054763691,2.93295103165233,0.47842000190132145,54.2133
云南省,2013,云南省2013,3651.4285714285716,0.20551543007222586,11811.0,0.11139383658467628,0.008018650407337194,2280.0,0.04669752365778956,0.06691720977435264,2.5803376543526158,0.5543810777467963,61.6
云南省,2014,云南省2014,3960.2272727272725,0.1373346897253306,12980.0,0.13217023526301877,0.008237454100367197,2865.0,0.049962022111570595,0.06588125871957835,2.5593219094247246,0.5583325157859004,71.9
云南省,2015,云南省2015,4060.7734806629833,-0.06343283582089553,16381.0,0.19209914794732766,0.009729261960687354,4605.0,0.06269925611052073,0.05993169076106803,2.5774978365681793,0.5084388185654009,64.98
云南省,2016,云南省2016,4951.351351351352,0.036783575705731396,17166.0,0.20978520286396182,0.026277675840978593,5880.0,0.07460595446584939,0.12836587258940832,2.6240856269113153,0.5101708129562691,113.2
云南省,2017,云南省2017,5887.700534759359,0.2877833753148615,21393.0,0.23960821786908743,0.10597543585261511,6510.0,0.07523843164959379,0.054941544751804766,2.567636505819035,0.6878660656707686,164.9
云南省,2018,云南省2018,6791.443850267379,0.37475083056478403,24048.0,0.23544600938967136,0.09380866095241973,6466.0,0.09000708717221828,0.11673151750972761,2.3596758759696237,0.6801012061714762,164.9
云南省,2019,云南省2019,6931.57894736842,0.09152161706906232,29440.0,0.28469995419147964,0.08531802610869364,10131.0,0.09103840682788052,0.1440891880521666,2.251208221460976,0.5161383285302593,164.9
云南省,2020,云南省2020,8217.616580310882,0.04391371340523883,28894.0,0.2740286298568507,0.19031078610603291,9515.0,0.09942979330007128,0.20896486161683198,2.326762734344195,0.7468577010745685,164.9
云南省,2021,云南省2021,9788.659793814433,,28234.0,0.2744583059750492,0.161966502943958,11021.0,0.10310021629416005,0.16872849448500968,1.980222093413466,0.6079376328844791,164.9
内蒙古自治区,2007,内蒙古自治区2007,9913.1190269331,0.43313093569982875,,0.20935412026726058,0.052675796984693296,288.0,0.08229311141932501,0.020000311531332263,6.544867073311083,0.816370252543961,22.19
内蒙古自治区,2008,内蒙古自治区2008,11509.286717652567,0.5291847563917028,11752.0,0.04729387961557916,0.044599636467999616,288.0,0.08610532040242908,0.011147982992844549,5.93621926719602,0.9979169282396045,20.23
内蒙古自治区,2009,内蒙古自治区2009,13142.680952748015,0.5016077170418006,12307.0,0.04278673835125448,0.04364768076398363,422.0,0.09540481400437636,0.012963356507483531,5.71331002728513,0.8559234964040149,64.2
内蒙古自治区,2010,内蒙古自治区2010,15474.229948154925,0.5771221532091098,,0.13121546961325967,0.020203616583357835,467.0,0.0765379113018598,0.01841936935869797,5.356365774772126,0.8942991185669604,53.9
内蒙古自治区,2011,内蒙古自治区2011,17760.76783925608,0.5520833333333334,17645.0,0.03569717297556301,0.01620922455675437,467.0,0.07060518731988473,0.015287615222484553,5.091813363619155,0.4577029618580865,120.31
内蒙古自治区,2012,内蒙古自治区2012,19542.001622538533,0.4168310322156476,21509.0,0.052073515551366634,0.023566504119724233,922.0,0.07034082668600435,0.010767773296957587,4.739902471834538,0.47842000190132145,224.5831
内蒙古自治区,2013,内蒙古自治区2013,20154.299400182277,0.20077220077220076,26990.0,0.05858310626702997,0.021545140705094674,1444.0,0.072992700729927,0.016831673336444794,4.588390522021132,0.5543810777467963,268.33
内蒙古自治区,2014,内蒙古自治区2014,21179.26712134718,-0.04689331770222743,27068.0,0.06072966236120553,0.021592695157548088,1660.0,0.06985294117647059,0.02770680048025121,4.532460145198712,0.6393939393939394,338.5
内蒙古自治区,2015,内蒙古自治区2015,20874.645414021343,-2.661290322580645,29190.0,0.07266121707538602,0.014575851693681453,2175.0,0.07920059215396003,0.0274665013590196,4.557825390662914,0.664570577527718,344.15
内蒙古自治区,2016,内蒙古自治区2016,20963.821725609796,-1.7094594594594594,30126.0,0.09662398137369034,0.01007550893943219,3103.0,0.08220211161387632,0.017851697026948624,4.431768837070528,,321.2
内蒙古自治区,2017,内蒙古自治区2017,21734.19413784069,1.2603346456692914,23243.0,0.12317029632274187,0.03075770547945205,3837.0,0.08276385725132877,0.016531885874881178,4.230188356164383,0.6878660656707686,182.1
内蒙古自治区,2018,内蒙古自治区2018,22297.590622965054,0.36211232187761944,15777.0,0.09639830508474577,0.028153285529563886,3909.0,0.07131901840490798,0.01489995742869306,4.519507464441049,0.9515185204136218,182.1
内蒙古自治区,2019,内蒙古自治区2019,22986.3433189374,-4.671052631578948,15001.0,0.0984822934232715,0.026325431429304214,5491.0,0.07783018867924528,0.0068349896791655845,4.643236360971677,0.5457346145382528,182.1
内蒙古自治区,2020,内蒙古自治区2020,27765.26566217288,0.6054421768707483,18393.0,0.13098827470686766,0.04442796912962698,5799.0,0.08454106280193237,0.0182512281555613,4.84737208803773,0.5185142791735821,182.1
内蒙古自治区,2021,内蒙古自治区2021,29799.602620222904,,15433.0,0.14646004254026132,0.029452379260522518,6847.0,0.09113300492610837,0.014208792282257658,3.2134406309955237,0.954344900004773,182.1
北京市,2007,北京市2007,52306.38563744105,0.2115365085812938,,0.5148514851485149,1.4267658740133728,5618.0,1.2336904635621089,0.26582424059458604,2.8895983107938266,0.816370252543961,38.37
北京市,2008,北京市2008,55371.994986897575,0.038643533123028394,43209.0,0.2578764746703678,1.2870839078195786,5618.0,1.1560811499643184,0.252818671454219,2.849221981485129,0.876429410375027,52.82
北京市,2009,北京市2009,53933.597640029315,0.16473988439306358,41546.0,0.1616835994194485,1.0715889306331898,5168.0,1.1519583291595714,0.21065525224788673,2.752955191056538,0.374456634237218,35.91
北京市,2010,北京市2010,63661.117019325975,0.2350841407445181,,0.42035398230088494,0.9778983700862895,7342.0,1.0692128732066692,0.17717875410856332,2.438926174496644,0.374456634237218,136.94
北京市,2011,北京市2011,69483.75938351761,0.1333021515434986,49829.0,0.24853176721836626,0.8488634774094279,7342.0,0.6889782181920164,0.20265604249667996,2.2371310672821374,0.6850295250844302,266.6
北京市,2012,北京市2012,68680.41237113402,0.1505838967424708,53510.0,0.26652221018418204,0.798851169865053,14051.0,0.6863541948884675,0.18582053648187144,2.124235461635546,0.47842000190132145,136.5927
北京市,2013,北京市2013,56726.15438560607,0.14151925078043703,58036.0,0.2908541609447954,0.7773931547083858,16402.0,0.6853637160385626,0.22792466949363926,2.0151951087933826,0.6537636481959074,138.73
北京市,2014,北京市2014,59312.55171605778,0.11830065359477124,57761.0,0.30927835051546393,0.7992250482570683,18721.0,0.6959453618051352,0.18294573643410852,1.9391393209946632,0.7413563829787234,105.9
北京市,2015,北京市2015,57940.08123333652,-0.021377672209026127,50773.0,0.32158962795941376,0.7284946081124056,23749.0,0.6786948823876571,0.1679278467306332,1.9667524357454682,0.7174411144716342,120.2
北京市,2016,北京市2016,58931.03044153409,0.11906556141672947,51143.0,0.3458083832335329,0.7468408747077431,28290.0,0.651585935579051,0.19959459291408105,1.9149222940448356,,193.9
北京市,2017,北京市2017,65399.57747504918,-0.06010230179028133,52719.0,0.36892602909316,0.9328572531459892,34497.0,0.6376323387872955,0.15862270034145884,1.8355593298849688,0.6878660656707686,201.1
北京市,2018,北京市2018,70971.141964091,0.11019522776572668,46929.0,0.35251798561151076,0.8756225995797,42851.0,0.6455000807884957,0.26209150326797387,1.7560327544143581,0.6850295250844302,201.1
北京市,2019,北京市2019,69503.70585670687,0.020392001583844785,44241.0,0.3611022108298622,0.8542855796196356,48656.0,0.6700706991358995,0.30521853530185644,1.7345697923785732,0.41133508618171194,201.1
北京市,2020,北京市2020,70054.58515283842,-0.036885245901639344,46172.0,0.39696169088507266,1.2926182698408968,55261.0,0.7594501718213058,0.32089271775895467,1.5891753425301403,0.4650602409638554,201.1
北京市,2021,北京市2021,78217.58241758242,,41496.0,0.4044907256752359,0.9393895919796417,70538.0,0.809153713298791,0.7035124051058933,1.1549076873153319,0.954344900004773,201.1
吉林省,2007,吉林省2007,30762.464776114546,0.41078524124881743,,0.2261640798226164,0.02408573022069955,480.0,0.25985309217281416,0.0869497898694979,5.15170105967652,0.816370252543961,105.51
吉林省,2008,吉林省2008,36615.58425508248,0.45311130587204207,9470.0,0.05948522402287893,0.035537021969080554,480.0,0.3152801623224598,0.08202306741034247,4.814279902359642,0.6517133690236232,166.13
吉林省,2009,吉林省2009,36605.96931165359,0.43024618991793667,14671.0,0.032681940700808626,0.03652199413489736,993.0,0.34456178216295386,0.0943095753939596,4.430146627565982,0.5132485997414907,215.0
吉林省,2010,吉林省2010,42538.23088455772,0.6292296616270698,,0.1487279843444227,0.036253448955459205,1006.0,0.3324184202500763,0.06819179089432051,4.026803310997241,0.5132485997414907,275.43
吉林省,2011,吉林省2011,47729.68980797636,0.5202524986849026,17884.0,0.04246655031995346,0.03231481481481482,1006.0,0.2750825995305656,0.08333545923790572,3.7402777777777776,0.6850295250844302,311.33
吉林省,2012,吉林省2012,51590.18759018759,0.4846715328467153,24365.0,0.042943624668936815,0.022572366683020723,2779.0,0.2905819013201563,0.07686989728733211,3.4072913914782803,0.6392719494524342,372.8
吉林省,2013,吉林省2013,53652.601969057665,0.43089430894308944,23709.0,0.046875,0.028425701966558,2985.0,0.2783606395229718,0.09019156908298719,3.0306025870228206,0.6360407108975348,443.24
吉林省,2014,吉林省2014,55325.90529247911,0.48348745046235136,24395.0,0.051402749011485595,0.025432300163132138,1884.0,0.27156450175169466,0.09495881429431008,2.7927569331158235,0.711581604038138,478.2
吉林省,2015,吉林省2015,53135.09749303621,-1.2038461538461538,23202.0,0.04822245688137979,0.028828420746109296,2649.0,0.2742131568283129,0.1543273726281993,2.2713624745203354,0.03,515.62
吉林省,2016,吉林省2016,53517.7304964539,-0.058823529411764705,23469.0,0.060136598367482925,0.02947716155263325,3395.0,0.29432720928529094,0.149784389313278,2.1871863286957627,,565.6
吉林省,2017,吉林省2017,57638.88888888889,-16.875,21056.0,0.06464578797521353,0.01670375865479723,3518.0,0.2969372468139708,0.18481950915829304,2.127040059347181,0.7845858112572835,434.2
吉林省,2018,吉林省2018,63644.34523809523,0.4,11124.0,0.05433506624182458,0.016439522998296423,4612.0,0.2346971999131756,0.17380660954712362,2.129593575079095,0.5098308184727938,434.2
吉林省,2019,吉林省2019,66347.4962063733,-0.01821983273596177,11849.0,0.1061801446416831,0.016141943963199713,4853.0,0.21353583763037015,0.19489509267597682,2.130414003225999,0.7108262108262108,434.2
吉林省,2020,吉林省2020,66404.9459041731,0.261986301369863,11806.0,0.11633256654617154,0.053061807380326745,6696.0,0.25455987311657413,0.2421644976393317,2.052353478807266,0.8571428571428571,434.2
吉林省,2021,吉林省2021,78884.55538221529,,16124.0,0.13289962825278812,0.048386508659981765,7109.0,0.2716463319983856,0.1853877384549786,1.8980596431827061,0.954344900004773,434.2
四川省,2007,四川省2007,7563.250883392227,0.3712365082370763,,0.4517304189435337,0.1456075965610163,1649.0,0.15620046078079092,0.10256410256410256,3.647889131271654,0.6970128997812721,171.43
四川省,2008,四川省2008,8278.699861687412,0.5076017655713585,45137.0,0.10160348777063474,0.13814225225958798,1649.0,0.18438818565400844,0.12811404755138772,3.0830144125071253,0.6292601601234207,242.59
四川省,2009,四川省2009,8153.122901276024,0.46580645161290324,44370.0,0.06485613171257117,0.15335598527031113,2456.0,0.17449365305616174,0.1033193912966094,2.9035988116627824,0.9047759000734754,325.0
四川省,2010,四川省2010,11551.896921975662,0.5777851021753461,,0.11298207495926127,0.17919066103598802,5618.0,0.1774641864443019,0.09302885338628637,2.544042997909824,0.9154170176916596,334.43
四川省,2011,四川省2011,14120.377084844089,0.5361790733992712,36839.0,0.03314781469962351,0.24384207912597253,5618.0,0.15634408602150537,0.09659483856877661,2.328848109348027,0.6850295250844302,459.9
四川省,2012,四川省2012,15516.20029455081,0.3724525650035137,50533.0,0.05314883245538171,0.28792049742254344,6591.0,0.17540453074433657,0.1303475935828877,2.1868523143965564,0.8838582008325552,643.6
四川省,2013,四川省2013,16735.207100591717,0.3930131004366812,58148.0,0.06299515421890624,0.3629838005626152,9043.0,0.18148467846353042,0.15886714842056,1.863614317586575,0.6947628680602382,823.59
四川省,2014,四川省2014,17613.501483679527,0.14498834498834498,62145.0,0.09406089840217063,0.3658719333320877,15893.0,0.19642087106511427,0.18475637013857846,1.8571628767353652,0.4944241401930466,733.7
四川省,2015,四川省2015,15093.610698365528,-0.5362796833773087,56841.0,0.09642117716651878,0.3242748020493712,17601.0,0.2147463456577816,0.07976935051536894,1.7052631578947368,,768.49
四川省,2016,四川省2016,14880.6860551827,0.006939625260235947,60146.0,0.1331596468374584,0.3770528871549176,24065.0,0.2377066781189607,0.1683890213777128,1.7381126690081456,0.7604663987404978,916.1
四川省,2017,四川省2017,15112.191473448018,0.09369592088998764,71968.0,0.19231875719217492,0.4676082813128399,32598.0,0.23719734304692522,0.1395055696005325,1.681179947192642,0.5245564673749391,1582.2
四川省,2018,四川省2018,16854.151084517576,0.24932395889670092,77848.0,0.18085181274199225,0.4327157547269035,35959.0,0.2735607675906183,0.13907796460502594,1.611330005420668,0.863275039745628,1582.2
四川省,2019,四川省2019,17402.850712678173,0.13573593802627149,78289.0,0.23618056031235016,0.40623200844606144,39658.0,0.30165464573610523,0.12084731419313838,1.5791248604349113,0.37952090183184595,1582.2
四川省,2020,四川省2020,17020.285499624344,0.13262733232476046,90128.0,0.2869764397905759,0.6206596522647563,42114.0,0.3321390937829294,0.1405630791582752,1.5809193343780317,0.9151256774748847,1582.2
四川省,2021,四川省2021,21496.58832448825,,95650.0,0.29161854980854557,0.535019072307524,48898.0,0.37359847683520203,0.13702185311609247,1.4517724702658545,0.954344900004773,1582.2
天津市,2007,天津市2007,6644.752018454441,0.5067580430230345,,0.39767054908485855,0.9952981044159696,3050.0,1.1532259378104996,0.12762018980081344,2.617282643227788,0.6741922360232848,85.93
天津市,2008,天津市2008,7809.665982459414,0.5163710777626194,28340.0,0.12838840188806475,0.7089443928782382,3050.0,1.1987888524995365,0.09351877681690778,2.2631001603240235,0.9152716971413856,121.86
天津市,2009,天津市2009,7819.939931140576,0.25280199252801994,30074.0,0.09018181818181818,0.5929842256021302,3663.0,1.2818808795947603,0.1276933435936899,2.369790616048735,1.0039510818438382,141.3
天津市,2010,天津市2010,9574.087329992843,0.463572267920094,,0.3074027603513174,0.6132978535932048,5193.0,1.224887556221889,0.07448213652910667,2.402988756916787,0.7835037797270837,215.93
天津市,2011,天津市2011,10767.383908947097,0.4896783485357657,47828.0,0.2070273507686165,0.6265465911552626,5193.0,0.7341211225997046,0.08537947582897214,2.3513756073406986,0.6850295250844302,350.3
天津市,2012,天津市2012,12343.939761962594,0.4360428481411468,60681.0,0.2381130662673156,0.7157725441933319,7341.0,0.847041847041847,0.11791532185122772,2.048993063325129,0.5832812656372139,314.07
天津市,2013,天津市2013,13402.876018074689,0.3643410852713178,68175.0,0.314966357519549,0.7950035389414633,10191.0,0.8227848101265823,0.13187659644167815,2.0661729624872205,0.4944241401930466,312.59
天津市,2014,天津市2014,13790.193265254451,0.3050583657587549,79014.0,0.3727454909819639,0.7307723290705871,12263.0,0.8119777158774373,0.12458938116480904,2.0504128486557245,0.8402288732394366,323.5
天津市,2015,天津市2015,14326.95713779667,-0.11837237977805179,84291.0,0.3771945701357466,0.6779455322272024,17422.0,0.8231197771587744,0.14222574285945755,2.1806453303976303,0.6691356162672593,416.97
天津市,2016,天津市2016,14316.987740805604,-0.1321455085374907,78336.0,0.3945748364755675,0.5123032069970845,22021.0,0.7560283687943262,0.14462375836106103,2.1410760667903523,0.5034628763274936,429.81
天津市,2017,天津市2017,15357.824090427412,-4.3102409638554215,57881.0,0.3999066728884741,0.44191756499682944,22346.0,0.7792397660818714,0.2788848375213168,1.9864857324032974,0.8662414281883309,368.6
天津市,2018,天津市2018,17405.031892274983,1.2796934865900382,53280.0,0.32315936626281455,0.40736514765367443,23407.0,0.6726190476190477,0.13075705838261015,1.864268512240174,0.3562183824978648,368.6
天津市,2019,天津市2019,19205.192034139403,-0.020186995325116874,45685.0,0.26968626636193643,0.3984767742378153,20856.0,0.7450682852807283,0.132245447550654,1.88475173249777,0.4524627720504009,368.6
天津市,2020,天津市2020,19883.82038488952,9.2,45227.0,0.28203125,0.48261567824224944,24945.0,0.848531684698609,0.2059414096689492,1.886369984172796,0.9151256774748847,368.6
天津市,2021,天津市2021,23633.020908435472,,49404.0,0.29123984457788765,0.4100682290121626,26326.0,0.9126365054602185,0.17561715460296554,1.6228003559774549,0.954344900004773,368.6
宁夏回族自治区,2007,宁夏回族自治区2007,7518.115942028986,0.4102285092491839,,0.45384615384615384,0.0041946308724832215,111.0,0.048465266558966075,0.022092789716810605,8.430369127516778,0.9673899926951962,8.67
宁夏回族自治区,2008,宁夏回族自治区2008,8553.502742922,0.45614035087719296,3336.0,0.13977272727272727,0.0031479538300104933,111.0,0.05593945376768674,0.04088934321492461,6.680587618048269,0.8907355021216408,6.13
宁夏回族自治区,2009,宁夏回族自治区2009,9569.93006993007,0.087248322147651,3568.0,0.11661506707946337,0.0030940594059405938,171.0,0.060882800608828,0.032234957020057305,6.821782178217822,0.6778064516129032,4.1
宁夏回族自治区,2010,宁夏回族自治区2010,10617.484562885928,0.3649851632047478,,0.3333333333333333,0.005102040816326531,221.0,0.04678362573099415,0.043478260869565216,6.155570424891269,0.7835037797270837,3.8
宁夏回族自治区,2011,宁夏回族自治区2011,13435.53916812213,0.4223300970873786,3967.0,0.12303664921465969,0.004060170394036208,221.0,0.040345821325648415,0.04382969034608379,6.283146964856229,0.6175616604447848,7.4
宁夏回族自治区,2012,宁夏回族自治区2012,14882.598906400772,0.2594142259414226,4196.0,0.1260115606936416,0.14709476309226932,300.0,0.055232558139534885,0.023624447492760253,6.103740648379052,0.78839590443686,16.0248
宁夏回族自治区,2013,宁夏回族自治区2013,15977.084659452577,0.22784810126582278,4817.0,0.12164750957854406,0.139395013588562,387.0,0.05507246376811594,-0.0005556481635828194,6.128795935247549,0.7375801282051282,17.8
宁夏回族自治区,2014,宁夏回族自治区2014,15899.779388591238,0.23563218390804597,5799.0,0.1264957264957265,0.13390465380249716,675.0,0.06976744186046512,0.0,6.037911464245176,0.5318986859645781,13.0
宁夏回族自治区,2015,宁夏回族自治区2015,16067.205973864344,0.0375,5470.0,0.12369477911646587,0.13486909797644905,908.0,0.09037900874635568,0.037497070541363954,6.216988681833771,0.47318650286531483,25.12
宁夏回族自治区,2016,宁夏回族自治区2016,18421.214924452666,0.28793774319066145,5686.0,0.19080068143100512,0.1274800086449103,1248.0,0.09329446064139942,0.08378133072680305,6.0417116922411935,0.6651622704537177,86.1
宁夏回族自治区,2017,宁夏回族自治区2017,20892.966360856273,0.2727272727272727,6392.0,0.20850367947669665,0.10447219270279844,1633.0,0.09302325581395349,0.08216926869350863,5.721749911441728,0.3920101997450064,90.8
宁夏回族自治区,2018,宁夏回族自治区2018,23610.68934102642,0.23754789272030652,7060.0,0.2448,0.0990512174643157,2282.0,0.1246376811594203,0.0574052812858783,5.9613769941225865,0.3723303723303723,90.8
宁夏回族自治区,2019,宁夏回族自治区2019,24890.975166565717,1.9069767441860466,8073.0,0.30183946488294316,0.09270726915520629,2777.0,0.14285714285714285,0.09160864785635764,6.0102161100196465,0.5708453187343416,90.8
宁夏回族自治区,2020,宁夏回族自治区2020,28394.26523297491,0.06358381502890173,8333.0,0.34004834810636586,0.23507845388442403,3126.0,0.13372093023255813,0.1849853553260367,6.071947952544967,0.9151256774748847,90.8
宁夏回族自治区,2021,宁夏回族自治区2021,35386.28158844765,,10930.0,0.4020245842371656,0.17428782204063104,3397.0,0.16521739130434782,0.12638643742781808,4.501759164680513,0.954344900004773,90.8
安徽省,2007,安徽省2007,28064.775812037817,0.38174161119413125,,0.5599455040871935,0.04496141886444777,3508.0,0.10240963855421686,0.046952269822748235,2.9709393834696147,0.8907355021216408,69.94
安徽省,2008,安徽省2008,31720.73863428684,0.46680080482897385,32904.0,0.1529950400610454,0.04635313735177866,3508.0,0.12487231869254341,0.0511100489509337,2.5708374505928853,0.6874374095916324,114.31
安徽省,2009,安徽省2009,31868.010167668082,0.46160198183319573,37649.0,0.08054090199866261,0.043611934716991214,3496.0,0.15471414242728185,0.049960929869115066,2.376232069877394,,189.14
安徽省,2010,安徽省2010,35345.72797884647,0.5844947735191638,,0.3339285714285714,0.0532772973409844,5092.0,0.18395061728395062,0.04814709768465034,1.9021255960559282,0.7835037797270837,415.29
安徽省,2011,安徽省2011,40185.148677509445,0.5625424881033311,56275.0,0.1106016731016731,0.08118822668762744,5092.0,0.13928996093086463,0.05164866879915342,1.5956947406104567,0.8524922512492883,500.9
安徽省,2012,安徽省2012,41364.7707016691,0.5044479330193616,73356.0,0.1357310183271324,0.10647142052557111,9215.0,0.17685651801844632,0.07667383144589522,1.5131118040578595,0.5930232558139535,700.6228
安徽省,2013,安徽省2013,43268.13326956799,0.42340109072880516,86000.0,0.14637913989125062,0.12738493281791852,13582.0,0.19668373909586287,0.07483035134225165,1.4538165139895343,0.5930232558139535,870.03
安徽省,2014,安徽省2014,45889.54573739888,0.3549382716049383,95287.0,0.16590640310863322,0.1853569434102755,21667.0,0.24031547204824866,0.09842458916866467,1.3974101824274012,0.9368184147622001,891.9
安徽省,2015,安徽省2015,47693.420651842825,-0.16421780466724287,96791.0,0.1708263422818792,0.2332073440583697,28568.0,0.2759033647313512,0.11094334339939604,1.4713509957538424,0.47318650286531483,1031.83
安徽省,2016,安徽省2016,48751.15619871699,0.33805162364696084,99451.0,0.19356627842484747,0.2517161649493793,41791.0,0.3205245781364637,0.10658888799693166,1.4212954856668238,0.4126955682384472,1453.14
安徽省,2017,安徽省2017,51536.89122193059,-0.12911877394636015,103598.0,0.2487422549383043,0.28615386194930137,49810.0,0.31933118618515727,0.10159664008433796,1.3366369264571505,0.3723303723303723,1844.2
安徽省,2018,安徽省2018,54096.40804597701,0.3011040481766477,106744.0,0.23006024406570208,0.2619513524690314,56296.0,0.33201833397943126,0.10415815701331592,1.2495263068854678,0.7848253231421826,1844.2
安徽省,2019,安徽省2019,55956.82630450322,0.07626283945405937,124491.0,0.3335960813017285,0.24925637425436203,54798.0,0.3343978102189781,0.0962604799716098,1.240395467594373,0.9097878409698699,1844.2
安徽省,2020,安徽省2020,55908.36766586163,0.3063178047223995,139988.0,0.3750203285087006,0.39606871078278666,70467.0,0.524822695035461,0.09304994773626282,1.3081660807262694,0.9151256774748847,1844.2
安徽省,2021,安徽省2021,64352.79977375566,,170421.0,0.40150905432595574,0.3479086530944116,78480.0,0.6006220839813374,0.14977568478836348,1.1995051130500047,0.38092186143401013,1844.2
山东省,2007,山东省2007,28085.158234071845,0.5153431353532218,,0.2912199362503622,0.17520809037576449,5453.0,0.27414018884830105,0.051074119399023926,2.5974130026439717,0.6829517960171226,261.31
山东省,2008,山东省2008,32623.123787481705,0.506400310318076,124042.0,0.06094840271514691,0.18966853983231663,5453.0,0.2959536379425977,0.057753672685010554,2.296631306908676,0.6540192926045016,365.59
山东省,2009,山东省2009,35057.99168101825,0.33771929824561403,129892.0,0.05077893256575333,0.2027431510518984,6507.0,0.32627850873440895,0.06184822255609774,2.315962424545487,,476.8
山东省,2010,山东省2010,41023.307398596306,0.3726531386307605,,0.2813807531380753,0.20249320388349515,11207.0,0.31094276094276097,0.06280298428779353,1.9570032362459548,0.7835037797270837,520.96
山东省,2011,山东省2011,46983.4057310343,0.39001937984496127,180832.0,0.06794001843009131,0.2084909263460025,11207.0,0.25595942519019443,0.0653309306804589,2.148743113744734,0.5633483561922807,695.3
山东省,2012,山东省2012,50187.609788409696,0.3272414534508708,204398.0,0.08414617940199336,0.21517758754525862,15104.0,0.3182281059063136,0.07645624255427969,2.111562868108067,0.5804800364008645,1086.6232
山东省,2013,山东省2013,53349.19343058077,0.281196089706728,227403.0,0.09259396545333234,0.22879134082658548,18340.0,0.3450342465753425,0.08035238934478896,1.8155304411228583,0.5283644633494072,1277.65
山东省,2014,山东省2014,56421.18342260878,0.25637360019061234,230800.0,0.11313671606634607,0.240591826823007,26122.0,0.3646084856847189,0.08834327802974024,1.809427996550733,0.9368184147622001,1412.9
山东省,2015,山东省2015,59601.862390067254,0.15944055944055943,241395.0,0.13898999638423526,0.2591718857088838,33785.0,0.39286332929152956,0.10094128731894769,1.8590787701179305,0.47318650286531483,1643.88
山东省,2016,山东省2016,62453.66189574906,0.3341298287534847,241761.0,0.17920784571443016,0.26593657817109145,45917.0,0.3853002793296089,0.10804964161078999,1.8500138274336284,0.7925450268144054,1866.6
山东省,2017,山东省2017,69328.92792644886,-1.1004338394793927,239170.0,0.23383228038902143,0.1269957096794251,56076.0,0.38766906727560163,0.11724656349461195,1.780869433908633,0.8128071900014043,1831.2
山东省,2018,山东省2018,73897.97212957089,0.025286757038581856,236515.0,0.2082800720006261,0.12644982974395258,63496.0,0.35189468066180396,0.1231476540371906,1.7945650731879892,0.8414927261227072,1831.2
山东省,2019,山东省2019,75921.23511176373,-0.026286560533135876,198205.0,0.2622286114490029,0.12566018167355889,67896.0,0.28124438050710304,0.1311344360671715,1.8189328985590045,0.7908486148247911,1831.2
山东省,2020,山东省2020,78066.83016554262,0.17273168364871422,255281.0,0.39165654110976106,0.18431166119243905,78926.0,0.3117967332123412,0.15367881353637292,1.832941074108716,0.9151256774748847,1831.2
山东省,2021,山东省2021,94038.04236068271,,349379.0,0.47333393834891246,0.15753194938666848,103410.0,0.3510502283105023,0.13828258955465964,1.6587690236892108,0.5754912730379592,1831.2
山西省,2007,山西省2007,21100.031823485733,0.5215803452855245,,0.22391084093211752,0.020302008415649525,603.0,0.09741935483870967,0.011086746776598546,4.655764123071414,0.5144954128440367,60.84
山西省,2008,山西省2008,20703.43562034866,0.5631293570875291,31412.0,0.10103567318757192,0.021447596706008844,603.0,0.09355058546558453,0.009932991722506898,3.830364342790118,0.4471419291977915,55.79
山西省,2009,山西省2009,21863.16738455374,-8.13953488372093,32703.0,0.06514172053704624,0.024084175624364938,856.0,0.09444376303201277,0.01753930102637391,4.1649286058077974,,52.34
山西省,2010,山西省2010,25276.269872043427,0.6180141074335322,,0.12343470483005367,0.025065496862243346,1659.0,0.08712541620421754,0.01335768327680668,3.4135542963910726,0.7835037797270837,48.09
山西省,2011,山西省2011,26732.72880246798,0.6391752577319587,32476.0,0.056598639455782314,0.028846584546472563,1659.0,0.06494221243808475,0.022136309783625366,2.929931211006239,0.5804800364008645,77.4
山西省,2012,山西省2012,27906.619705590176,0.07314285714285715,31542.0,0.05736235595390525,0.06964962719575384,2345.0,0.07415485278080698,0.10861501023830014,3.0544673322380893,0.9396310788149804,126.92
山西省,2013,山西省2013,29242.76950043821,-0.32971014492753625,34024.0,0.08218145262628801,0.08084201573463747,3008.0,0.07439353099730459,0.040840234953383556,3.2321431492173573,0.9392185238784371,228.45
山西省,2014,山西省2014,30455.60646667243,-3.8645833333333335,35775.0,0.07987711213517665,0.10260521389447412,3505.0,0.0727470141150923,0.1665951386992314,3.4429383623379324,0.9368184147622001,254.1
山西省,2015,山西省2015,29161.95936261698,-222.2,28927.0,0.07662337662337662,0.14243670060036542,4468.0,0.07608100711548987,-1.7855979146301726,4.139258679196033,0.6903099636230988,210.31
山西省,2016,山西省2016,29796.737972297353,-0.7429577464788732,29450.0,0.09791783905458638,0.1746982797442133,5350.0,0.07259825327510917,0.15944093900535994,4.2722687561920205,0.8430031097290094,226.41
山西省,2017,山西省2017,31166.9874879692,0.7013720742534302,31757.0,0.12203389830508475,0.16648378713501943,6567.0,0.07339955849889625,0.04556073633904943,3.325972856827408,0.819620253164557,86.0
山西省,2018,山西省2018,33445.62934238164,0.28914728682170543,27228.0,0.11483870967741935,0.1565668828471934,7917.0,0.09502515371716043,0.04498856847850136,3.2265742308552445,0.4186749834609205,86.0
山西省,2019,山西省2019,33333.07148468185,1.5454545454545454,27478.0,0.11046269278866194,0.14889634952223252,8619.0,0.1021566401816118,0.04808146373713176,3.168760538988561,0.7908486148247911,86.0
山西省,2020,山西省2020,36555.84192439863,0.2416,32547.0,0.15602189781021897,0.21629312255300287,10218.0,0.11852704257767549,0.051552086018337814,3.081775873531802,0.7574349590067244,86.0
山西省,2021,山西省2021,50562.17616580311,,35468.0,0.14229479515964427,0.1388501081224629,12336.0,0.14868804664723032,0.035150757694110295,1.9783565385636783,0.4238595339678372,86.0
广东省,2007,广东省2007,25156.293222683264,0.4702457752462473,,0.26809074350057954,0.889046615257358,18757.0,2.596648881400356,0.186006189943772,1.482042319289164,0.09536082474226804,420.62
广东省,2008,广东省2008,27944.203683640302,0.47051792828685257,197488.0,0.07634157544208835,0.8506294399280969,18757.0,1.045192370954654,0.16448695227036605,1.352561258764627,,440.45
广东省,2009,广东省2009,29207.567970868433,0.2930007446016381,228907.0,0.0686582608362396,0.8484237526546597,27476.0,0.9849488979752559,0.20452383217581582,1.3599580770609814,,327.74
广东省,2010,广东省2010,34191.5060973262,0.5162327718223584,,0.22651709690498717,0.8985117614329731,66453.0,0.9542224425714758,0.1964215884249732,1.1897127788401745,0.5553183602196866,495.85
广东省,2011,广东省2011,38798.36956521739,0.44282339863832154,346260.0,0.10850608323325153,0.8697326732268496,66453.0,0.7558731723344834,0.17139996219494127,1.164316638526289,0.9396310788149804,703.53
广东省,2012,广东省2012,40239.32337100812,0.3006739243131156,424563.0,0.1344800211696216,0.873828066848963,83280.0,0.8198023010857235,0.20327910849237865,1.0785330366447021,0.35245038015775837,881.6044
广东省,2013,广东省2013,42901.03054800013,0.20066580358794156,426330.0,0.13819479857215705,0.908860773484734,97052.0,0.9249163079866093,0.2137484953251175,1.0492813746909784,0.5540982575328678,934.57
广东省,2014,广东省2014,45933.88671557525,0.42155576382380505,424872.0,0.1595555879707291,0.9071018855643471,126936.0,0.9138145612943372,0.22500388453868075,1.0032361735451456,0.9368184147622001,1004.8
广东省,2015,广东省2015,48231.21769378312,0.2228662802318609,411059.0,0.19264835086552845,0.9395120627165462,177047.0,0.9433445019798964,0.2633766489364457,0.9617422682058405,0.9428799874975513,1366.55
广东省,2016,广东省2016,49631.64893617021,0.29743844814722703,423730.0,0.25603298814488545,1.0135608469332484,236918.0,0.9801581381470983,0.2497900522960644,0.9551103345074193,0.819620253164557,1651.21
广东省,2017,广东省2017,52788.98840885142,0.3042937853107345,457342.0,0.35576128635891785,1.157352308736985,289238.0,0.958005249343832,0.2362268680423629,0.9141387505658669,0.49525182296082754,2103.2
广东省,2018,广东省2018,56363.92075078206,0.304634887098904,621950.0,0.3491655428186109,1.086434659279543,328467.0,1.2248563218390804,0.2818392962441484,0.8852410686540367,0.9857697283311773,2103.2
广东省,2019,广东省2019,58709.33263816476,0.14346194554026748,642490.0,0.377694335126548,1.0450582242002155,375515.0,1.3641172265904218,0.2987808080100826,0.8722616231241281,0.7908486148247911,2103.2
广东省,2020,广东省2020,58666.83951257454,-0.07702265372168285,700017.0,0.3946616965613939,1.1789210218047004,435509.0,1.5158403182270208,0.31351564809775084,0.876734453256221,0.516205067766647,2103.2
广东省,2021,广东省2021,69273.8003592507,,709119.0,0.4024914413259535,1.0194426316679959,511717.0,1.7494343891402715,0.3656563238416967,0.8090788239145863,0.021052631578947368,2103.2
广西壮族自治区,2007,广西壮族自治区2007,6752.880793035776,0.3589215181178087,,0.35304990757855825,0.026377617615345326,568.0,0.0917298663777537,0.027392593097339102,3.171562340389308,0.533888663145063,35.34
广西壮族自治区,2008,广西壮族自治区2008,7441.962973846605,0.44824707846410683,9358.0,0.11626506024096385,0.039070881226053636,568.0,0.10401823881447707,0.06922211646621096,2.899530651340996,,43.07
广西壮族自治区,2009,广西壮族自治区2009,6875.35330695308,0.32113821138211385,12042.0,0.07411385606874328,0.04580619255822254,761.0,0.10583304226336011,0.05982506925638871,2.9413491567770143,0.9203733903165945,66.5
广西壮族自治区,2010,广西壮族自治区2010,7595.323937506829,0.5499723909442297,,0.2059186189889026,0.0699356633628934,932.0,0.12678169542385595,0.07244780258945813,2.566242392627369,0.9750985821829914,93.33
广西壮族自治区,2011,广西壮族自治区2011,9583.64182744654,0.4607159460715946,20155.0,0.09235037653587,0.08664136297480096,932.0,0.09366485013623978,0.09353836525781721,2.2846922176878515,0.268562900031572,142.1
广西壮族自治区,2012,广西壮族自治区2012,9884.273610250051,0.3257229832572298,20845.0,0.09085703378507348,0.1299495032658214,1499.0,0.10296242774566473,0.11652712712927328,2.341113672539656,0.5254878534448427,195.27
广西壮族自治区,2013,广西壮族自治区2013,8582.089552238807,0.2275618374558304,20700.0,0.08309037900874636,0.18813687596291592,1889.0,0.10819554277498203,0.12245622337908188,2.4597588993702195,0.5453087949989222,231.92
广西壮族自治区,2014,广西壮族自治区2014,8946.786963726754,0.3793949304987735,22793.0,0.08327205882352941,0.22953427108703214,2670.0,0.10590339892665473,0.12130311040701475,2.364764650330533,0.9368184147622001,336.8
广西壮族自治区,2015,广西壮族自治区2015,8868.776652212246,0.2610619469026549,19000.0,0.08274360370168754,0.3035776970979298,3731.0,0.12061657032755299,0.13251919378293434,2.357639874011204,0.8637179638805385,365.62
广西壮族自治区,2016,广西壮族自治区2016,8645.404049453504,0.30165016501650166,19402.0,0.09314264759809314,0.3487799781765839,6010.0,0.12311265969802555,0.16004593246492269,2.347212871172196,0.49525182296082754,382.3
广西壮族自治区,2017,广西壮族自治区2017,9060.817068569273,-10.424390243902439,16163.0,0.0948803075310152,0.2740945706288327,6557.0,0.12392829306313329,0.13842763586703496,2.2341445695604794,0.4843492586490939,505.1
广西壮族自治区,2018,广西壮族自治区2018,9691.923397169026,0.23060109289617486,17228.0,0.08005942555298778,0.2514337795723162,6846.0,0.13856362217017953,0.09817289337332971,2.1214429918265743,0.5122436497802658,505.1
广西壮族自治区,2019,广西壮族自治区2019,11152.561974221708,0.16402714932126697,22102.0,0.09943411479385611,0.24449929478138221,8176.0,0.14268960125097732,0.13747862045075668,2.148067319788053,0.5586028622600817,505.1
广西壮族自治区,2020,广西壮族自治区2020,10303.713699465774,-0.02826086956521739,20407.0,0.12072122834202001,0.2574891741416641,8667.0,0.1751368256450352,0.08682571252612344,2.3354952830188678,0.03051643192488263,505.1
广西壮族自治区,2021,广西壮族自治区2021,12740.808823529413,,28508.0,0.17185368877867327,0.20682940463989566,14995.0,0.19693396226415094,0.08168357269095392,2.048048076027206,0.4533001245330012,505.1
新疆维吾尔自治区,2007,新疆维吾尔自治区2007,17805.31845042679,0.39880783423218846,,0.3137254901960784,0.00821723059425647,184.0,0.03612629753618651,0.0033257660106713704,4.674381575206142,0.5286744505494505,2.93
新疆维吾尔自治区,2008,新疆维吾尔自治区2008,20328.222846037574,0.5303030303030303,4489.0,0.07642626480086114,0.0062176460549519304,184.0,0.03539488897803157,0.003245587027914614,4.021497241026225,0.47842000190132145,2.92
新疆维吾尔自治区,2009,新疆维吾尔自治区2009,18488.012786361214,-2.117021276595745,5023.0,0.061152882205513785,0.006512672441450112,447.0,0.03579056745367431,0.0060464732345536345,4.828719923002888,0.973417439433148,1.21
新疆维吾尔自治区,2010,新疆维吾尔自治区2010,18525.68981921979,0.521551724137931,,0.16611295681063123,0.006723309937199853,325.0,0.028029678483099753,0.004927090787513345,3.65495936461027,0.4587270818189161,3.65
新疆维吾尔自治区,2011,新疆维吾尔自治区2011,23381.535038932143,0.4595055413469736,6723.0,0.05005753739930955,0.006833645959763139,325.0,0.01862348178137652,0.004565546724220226,3.4846665931075065,0.4324975891996143,17.1
新疆维吾尔自治区,2012,新疆维吾尔自治区2012,23552.618601439983,0.16759776536312848,6202.0,0.061766207248596224,0.00017054155645273563,468.0,0.020064205457463884,0.003038350738206698,3.9306974801614927,0.9968863518422418,42.0139
新疆维吾尔自治区,2013,新疆维吾尔自治区2013,23575.519316637547,0.08093716719914804,6668.0,0.0683453237410072,0.00015245968288385962,695.0,0.022222222222222223,0.0022216245922149595,4.6184408456430415,0.5453087949989222,31.47
新疆维吾尔自治区,2014,新疆维吾尔自治区2014,23267.728674203492,0.30639324487334135,6688.0,0.072264836495761,0.000479571499750872,1111.0,0.026877470355731226,0.0009567416114262283,4.64813153961136,0.8713953086837796,48.9
新疆维吾尔自治区,2015,新疆维吾尔自治区2015,19692.602739726026,-8.442307692307692,7188.0,0.09789434798670114,0.0011295968818795337,1553.0,0.032507739938080496,0.020529665366454525,5.653809231657584,0.5563290871115207,42.82
新疆维吾尔自治区,2016,新疆维吾尔自治区2016,18960.022522522522,-0.19384615384615383,7310.0,0.09782232976149326,0.0008969778174780407,2030.0,0.03636363636363636,0.03104063736775395,6.067511537888938,0.45752055457036916,57.95
新疆维吾尔自治区,2017,新疆维吾尔自治区2017,18988.228369629192,0.4772727272727273,6191.0,0.07715736040609138,0.0021860935060163495,2565.0,0.03592814371257485,0.016607387519548277,5.3232570956186285,0.599320279362653,78.0
新疆维吾尔自治区,2018,新疆维吾尔自治区2018,19979.816513761467,0.37433561123766135,5806.0,0.05785123966942149,0.0018996940268724224,3252.0,0.03906836964688205,0.035496957403651115,4.707737129173872,0.5122436497802658,78.0
新疆维吾尔自治区,2019,新疆维吾尔自治区2019,21495.809155383624,0.05150214592274678,4698.0,0.04808296668761785,0.0018637431480031323,3351.0,0.040208488458674606,0.010279756222923856,4.826369094231271,0.015185881832263777,78.0
新疆维吾尔自治区,2020,新疆维吾尔自治区2020,21193.48268839104,-0.9850746268656716,4752.0,0.05092210294522433,0.01681238121096932,4580.0,0.05457227138643068,0.03125976867771179,5.153898995384198,0.4533001245330012,78.0
新疆维吾尔自治区,2021,新疆维吾尔自治区2021,26415.49295774648,,8995.0,0.07545320921117099,0.012242234919630678,5670.0,0.060294117647058824,0.006195626919998968,3.7529033788726553,0.5183427192276749,78.0
江苏省,2007,江苏省2007,19355.400096491834,0.5036897532477516,,0.5496558505408063,0.6168801711080157,9680.0,0.627634740523485,0.16534274361208634,1.5944740026944946,0.9268121041520057,761.2
江苏省,2008,江苏省2008,22890.06207975787,0.4363416599516519,155781.0,0.13919442413304914,0.6346961398017736,9680.0,0.9504441645961675,0.17297561245730483,1.449675925925926,0.520585032812454,914.73
江苏省,2009,江苏省2009,23950.758807124403,0.3435971223021583,222625.0,0.11964294520885732,0.6181909802477928,14156.0,0.9609566405869833,0.16491933319998636,1.4308298582403456,0.49720053046250134,907.7
江苏省,2010,江苏省2010,26010.10101010101,0.40370264064293915,,0.41657438169066074,0.66348608517093,26720.0,1.0303343295207295,0.15779089398649374,1.3297613274034938,0.4324975891996143,1324.22
江苏省,2011,江苏省2011,29215.21555367709,0.3907612231620039,287447.0,0.17176258992805754,0.6653572949111525,26720.0,0.8550859823592457,0.15055608641814758,1.1926506375064423,0.9694132334581773,2104.9
江苏省,2012,江苏省2012,31265.95383570944,0.3288197251414713,342262.0,0.24276586929501298,0.6741778115628472,45120.0,0.9638321867126154,0.17682270833908031,1.1620114275212805,0.7523224848924407,2432.63
江苏省,2013,江苏省2013,33348.11643835616,0.28024582967515366,393942.0,0.25185048491931683,0.6666250723662592,52718.0,1.0152549093261547,0.18157407959902142,1.142423839401668,0.5453087949989222,2617.75
江苏省,2014,江苏省2014,34802.000689893066,0.27347703842549204,422865.0,0.29050669294571735,0.6404643797528955,73252.0,1.0081407573937942,0.18451679718940905,1.0997451619436924,0.5155919245861528,2797.9
江苏省,2015,江苏省2015,36647.32374848433,0.2054494828957836,441304.0,0.3375886817356872,0.6318936484900669,85485.0,1.0145887221934817,0.18721275462379888,1.0545624353356988,0.45752055457036916,3110.17
江苏省,2016,江苏省2016,37877.09497206704,0.33814631463146316,451885.0,0.40055115973193595,0.6233145381197304,117912.0,1.0323243069386543,0.19481010742926314,1.030315865229075,0.6702127659574468,3526.6
江苏省,2017,江苏省2017,39549.97365185315,0.3923602923838717,455468.0,0.42548553309552123,0.4864909746437516,140346.0,1.0275406337218846,0.2049233328094193,0.9354546423306673,0.599320279362653,4068.8
江苏省,2018,江苏省2018,40229.496530866396,0.3464684014869889,455530.0,0.4306294471811713,0.45509481297697246,176120.0,0.9965417749493545,0.2100825492528174,0.8760010190179769,0.027240452569760116,4068.8
江苏省,2019,江苏省2019,40919.07930228376,0.15816399033679124,508375.0,0.5937296593621176,0.44149418278232516,180893.0,1.0423804862130854,0.2049589863209935,0.8737503928737406,0.373931498706496,4068.8
江苏省,2020,江苏省2020,41717.785843920145,0.16812439261418854,538781.0,0.5214678679636422,0.580099533746443,224512.0,1.2207234825260576,0.24151230518969408,0.8553433285948778,0.3769970528928184,4068.8
江苏省,2021,江苏省2021,49121.643835616436,,612676.0,0.48511931202359587,0.4845475796346875,242423.0,1.4174377955994242,0.23929559055627359,0.7144541850441827,0.43398268398268397,4068.8
江西省,2007,江西省2007,16940.825124635725,0.41586206896551725,,0.3687150837988827,0.04411414493943749,406.0,0.15656650911546252,0.0735987002437043,2.07452268528023,0.8539078082968873,147.81
江西省,2008,江西省2008,20740.2251114939,0.4227156276686593,17537.0,0.08689748811948404,0.05496271578875685,406.0,0.19833679833679835,0.07441530829199149,1.8328850148115359,0.5809542950740987,195.93
江西省,2009,江西省2009,17993.41915372626,0.4239766081871345,19959.0,0.06314672326877156,0.0785522041763341,511.0,0.20530017994438085,0.07734559740815908,1.7981438515081207,0.7034451094332448,311.1
江西省,2010,江西省2010,17853.25638911789,0.6069042316258352,,0.20853658536585365,0.08776142167171215,975.0,0.23241206030150754,0.07034745045451048,1.451390012247822,0.9694132334581773,453.03
江西省,2011,江西省2011,22015.384615384617,0.49955595026642985,23969.0,0.06465051689554081,0.10510407703714553,975.0,0.20984020185029437,0.07056269223810385,1.253519579664244,0.9370002757099531,428.6
江西省,2012,江西省2012,23059.39004815409,0.33386837881219905,23877.0,0.059997228765414995,0.12437342932826191,1398.0,0.2546531302876481,0.08104825059242886,1.2137981389662433,0.7523224848924407,675.3201
江西省,2013,江西省2013,23425.396825396827,0.4271047227926078,29519.0,0.11740093526950529,0.14072938543375285,2333.0,0.29466553767993225,0.08655894886363637,1.162433124338908,0.5453087949989222,833.1
江西省,2014,江西省2014,25384.980237154152,0.30421455938697317,28803.0,0.11453940066592674,0.16971157314556973,3383.0,0.3373083475298126,0.08913777160264927,1.1622779805791623,0.5656077277864491,1013.0
江西省,2015,江西省2015,21446.59442724458,0.06838453914767097,31321.0,0.12879244524814146,0.19564629529475394,4765.0,0.3947818648417451,0.1077719717210886,1.1988614044576016,0.5084388185654009,1087.26
江西省,2016,江西省2016,20354.545454545456,0.1695774647887324,34924.0,0.20241360394953373,0.24452260759528116,6993.0,0.4562607204116638,0.11538792027594899,1.1878818390867159,,1317.85
江西省,2017,江西省2017,24446.85628742515,0.49834107498341074,45082.0,0.23014050877031866,0.41812763501304956,10806.0,0.459214501510574,0.11971675525140518,1.1257654085524993,0.599320279362653,1890.0
江西省,2018,江西省2018,28238.1667918858,0.14855987872662962,67394.0,0.3049871023215821,0.40322233247017253,11878.0,0.5686274509803921,0.15617758828436368,1.1236054306526948,0.43482195944682756,1890.0
江西省,2019,江西省2019,28525.688756515265,0.18391633609808872,85032.0,0.3328981723237598,0.37978505162863846,13328.0,0.6584723441615452,0.15997878734311471,1.1015477194502064,0.7676919518963923,1890.0
江西省,2020,江西省2020,27160.766961651916,0.19164882226980728,100473.0,0.35429886339864725,0.5901552560167267,18715.0,0.7857773851590106,0.15899110112914552,1.0908625828551093,0.4435686543294494,1890.0
江西省,2021,江西省2021,37190.44117647059,,97497.0,0.3785492948839562,0.48849202330869285,21690.0,0.9415700267618198,0.17521756946015865,0.9523699932798793,0.5539743552125818,1890.0
河北省,2007,河北省2007,16068.423485899215,0.47879767766590725,,0.27934621099554235,0.016856513649998104,1058.0,0.09440732120590346,0.03315012834847793,4.477565781979725,0.8539078082968873,101.4
河北省,2008,河北省2008,18948.608719296655,0.5725571725571725,27259.0,0.0733179037857497,0.02245867013927488,1058.0,0.09689558360129481,0.0451512585411435,3.8625148882783593,0.5809542950740987,105.54
河北省,2009,河北省2009,20530.415754923415,0.07522485690923958,36418.0,0.04170913367306939,0.027252071005917162,1539.0,0.11179989927461906,0.05033743438775794,4.010854437869822,0.9938430319032412,166.8
河北省,2010,河北省2010,19462.088698140204,0.4969927192149414,,0.1782421634910879,0.035396459019892995,2601.0,0.10592503022974607,0.041700327345234815,3.495805259436165,0.8942991185669604,214.12
河北省,2011,河北省2011,22837.175792507205,0.5376031052886948,51498.0,0.05669835782195333,0.03331398913805186,2601.0,0.09053095179838512,0.03167854612146221,3.0740879029432375,0.5625918805835124,288.4
河北省,2012,河北省2012,25875.271936185643,0.36036911121903836,55979.0,0.061893203883495146,0.03474873513983301,3358.0,0.10657149889244401,0.03113925929977691,2.9759102337275354,0.7523224848924407,454.16
河北省,2013,河北省2013,27909.48905109489,0.36563169164882225,65049.0,0.06106815578465063,0.03934399593805534,4049.0,0.125,0.039419314732877464,3.0123767453668444,0.5453087949989222,562.92
河北省,2014,河北省2014,29472.79411764706,0.1390593047034765,75142.0,0.07338333671194,0.04397144078836153,4999.0,0.13976872800402212,0.0529319391780612,2.9156061374461784,0.5084388185654009,710.0
河北省,2015,河北省2015,30504.811250925242,-1.8311688311688312,79452.0,0.09068931721659589,0.051913947179446265,7740.0,0.16119174942704353,0.06793760244643138,3.095527806590601,0.75,864.28
河北省,2016,河北省2016,32858.97435897437,0.33613074204946997,82971.0,0.11521267949065293,0.04818006861350515,13074.0,0.14985795454545456,0.05790182266412325,2.9247250346321554,,979.41
河北省,2017,河北省2017,35474.563401670464,-1.2183967112024665,79135.0,0.1499661933739013,0.03751463819820801,14750.0,0.15047424346875224,0.060083970112832535,2.9124395181422877,0.599320279362653,1029.0
河北省,2018,河北省2018,39142.63803680982,-0.04312938816449348,68956.0,0.11697784916014187,0.03780774544157068,18762.0,0.15490574581158695,0.05651761088755257,2.9445888950897965,0.6352151219447076,1029.0
河北省,2019,河北省2019,42913.52201257862,-0.4198895027624309,76096.0,0.17836279493209922,0.03653716933088132,21487.0,0.1809832522960562,0.08831363020419607,2.877478250106097,0.4435686543294494,1029.0
河北省,2020,河北省2020,45069.24315619968,0.21415607985480944,86337.0,0.22031041505723717,0.05650500252912784,28135.0,0.2029419776627622,0.09918357226166095,2.8105897583182586,0.5386521404791064,1029.0
河北省,2021,河北省2021,69325.12315270935,,83401.0,0.24220251751720717,0.04663642860680852,34240.0,0.2305791929728246,0.10957855030429434,2.319721489071135,0.5740197199147913,1029.0
河南省,2007,河南省2007,10278.106009453073,0.5001332267519318,,0.31352785145888595,0.013136744396649311,2102.0,0.09457820890351637,0.02879202270397783,2.524054788317863,0.8539078082968873,141.96
河南省,2008,河南省2008,12211.642411642411,0.6052544063851014,52482.0,0.09259766588132157,0.014789234983999816,2102.0,0.10779777206512425,0.03262114364143405,2.1843129129543937,0.6758770548459169,175.31
河南省,2009,河南省2009,13219.777523310977,0.3915126625598905,69647.0,0.07169097784981092,0.01509669163476707,3388.0,0.11396873424104892,0.03404004615044719,2.178843671744862,0.8942991185669604,219.3
河南省,2010,河南省2010,18121.02177554439,0.5678294573643411,,0.25433753943217663,0.01963890935887988,4049.0,0.14119472459270752,0.039276607857744186,1.7916595809005536,0.4022516711621907,325.86
河南省,2011,河南省2011,22970.14297729184,0.5204480333420162,93833.0,0.06820165866433872,0.05411438491981866,4049.0,0.1409631507116397,0.04044447779184285,1.6836025243341532,0.6212827988338192,562.92
河南省,2012,河南省2012,24912.013536379018,0.4006746626686657,102846.0,0.07142485834589593,0.13070551026910254,5133.0,0.1659491193737769,0.051264941900562445,1.6256498325394173,0.7523224848924407,899.62
河南省,2013,河南省2013,27617.69686706181,-0.030864197530864196,125091.0,0.08287561366840034,0.17440761819737383,6470.0,0.18315665488810365,0.060333651033332096,1.6299520142841202,0.5453087949989222,1206.15
河南省,2014,河南省2014,29517.461669505963,0.3170731707317073,134256.0,0.09773813902169916,0.2036586480009558,8497.0,0.2101534828807556,0.06888130055659003,1.6086525689949611,0.7413563829787234,1523.7
河南省,2015,河南省2015,30052.18135158255,0.006782945736434108,131051.0,0.10719433888088062,0.24618451640806618,11305.0,0.2317241379310345,0.08331632861282291,1.5099070119478835,0.8384096024006001,1726.49
河南省,2016,河南省2016,31515.008576329332,0.3515850144092219,132731.0,0.11258445945945945,0.24928234900365587,15863.0,0.24960411718131434,0.08491377912113285,1.436782349003656,,1822.5
河南省,2017,河南省2017,34396.20198532585,-0.07400147022788532,123619.0,0.1601053444126595,0.236898347808427,19457.0,0.25074567508450984,0.0831398075266748,1.323784151863046,0.599320279362653,1826.4
河南省,2018,河南省2018,36009.58605664488,0.16614330573793892,128054.0,0.15234817263710881,0.22893946915732477,23857.0,0.2249599358974359,0.11626383703412589,1.3079995843772008,0.6446809151066097,1826.4
河南省,2019,河南省2019,38517.120280948206,0.09914557472190876,140361.0,0.22842795654847306,0.2210929747689289,30245.0,0.22415889744629106,0.094986301678749,1.2431570614665908,0.520585032812454,1826.4
河南省,2020,河南省2020,39715.547703180215,-0.22493224932249323,145464.0,0.24678079078927434,0.4105224176541943,36500.0,0.2452907452907453,0.11653525457108652,1.326863861155174,0.5153264219669376,1826.4
河南省,2021,河南省2021,48451.828724353254,,162562.0,0.28096314405646017,0.38861800736459146,42849.0,0.2828512396694215,0.13703673402601652,1.2560658507096838,0.5740197199147913,1826.4
浙江省,2007,浙江省2007,21618.709677419356,0.484749920017063,,0.5746216530849826,0.1970453045964372,11098.0,0.7455048409405256,0.09282049260195892,1.597111282164064,0.8539078082968873,145.48
浙江省,2008,浙江省2008,25353.447741775602,0.4569952011812477,126273.0,0.22280383519046384,0.16079286614325872,11098.0,0.7716684723726978,0.1116142455023865,1.4642706213046428,0.9980769230769231,158.14
浙江省,2009,浙江省2009,22935.11590825463,0.1237721021611002,150888.0,0.12966484234196993,0.13893416449820328,11787.0,0.8613633706201037,0.09374423935906223,1.483790378694728,0.374456634237218,139.6
浙江省,2010,浙江省2010,27324.639289678133,0.452240067624683,,0.47420814479638007,0.15584897161380618,18091.0,0.9183117804632538,0.0933301834790141,1.3565922088786286,0.48604651162790696,152.63
浙江省,2011,浙江省2011,34402.86186020914,0.4405046769632369,203904.0,0.23131682854425456,0.1490600792839233,18091.0,0.522554347826087,0.105467632399223,1.2486006247461094,0.6691356162672593,306.9
浙江省,2012,浙江省2012,34516.90294438386,0.2791986359761296,228618.0,0.26276852257781674,0.14663879407269767,20553.0,0.5805637130070113,0.11915891603617496,1.2169807382871147,0.6174167790106813,436.73
浙江省,2013,浙江省2013,32959.029649595686,0.16138421733505823,263507.0,0.27366504854368934,0.1557123732302757,22578.0,0.647749807652713,0.11771114717824589,1.1770797812551308,0.5314694811997983,551.13
浙江省,2014,浙江省2014,31320.304017372422,0.38700331125827814,290339.0,0.2965892118214539,0.1602395711075593,28235.0,0.6602117445628027,0.12737555408366025,1.1103312828437126,0.711581604038138,607.2
浙江省,2015,浙江省2015,25162.56157635468,0.16402506450423884,316672.0,0.33118760171982414,0.16032420955665524,31642.0,0.7051830821079096,0.1350784767668666,1.101481186072245,0.4614346244703588,735.35
浙江省,2016,浙江省2016,24242.35807860262,0.32943871706758304,321845.0,0.36117825902758743,0.17291696808938187,38661.0,0.6901595744680851,0.1380492323388717,1.086493583045307,,850.9
浙江省,2017,浙江省2017,32490.618101545253,0.3063980518042949,333646.0,0.38842023580064583,0.24943783778388817,49158.0,0.6836143308746049,0.13397287103645494,1.049469775983472,0.7359957544890734,904.1
浙江省,2018,浙江省2018,34992.7333705981,0.3571912395574622,394147.0,0.40666732370768244,0.2311809705289253,62341.0,0.7260166840458812,0.1693582803620763,1.0024679481249885,0.5552713924660008,904.1
浙江省,2019,浙江省2019,37359.25085130533,0.1462225832656377,451752.0,0.44243352664405294,0.22194539294610782,75770.0,0.8211678832116789,0.16489974095749785,0.994320830872656,0.41133508618171194,904.1
浙江省,2020,浙江省2020,38944.188722669736,0.058823529411764705,480493.0,0.4972474768537826,0.38346326200514413,93159.0,0.9390718174747212,0.18856422549181684,1.0898098798822689,0.5876288659793815,904.1
浙江省,2021,浙江省2021,61478.71720116618,,482140.0,0.4874185743532477,0.32141539487331455,120873.0,1.0854503464203233,0.1980223409089938,0.9862201807675212,0.5740197199147913,904.1
海南省,2007,海南省2007,13019.905899384727,0.22169059011164274,,0.1590909090909091,0.02429210134128167,29.0,0.12076686962210034,0.09608689597549087,3.938152011922504,0.8539078082968873,1.21
海南省,2008,海南省2008,12217.632381480453,0.12449799196787148,554.0,0.08745247148288973,0.021915103652517278,29.0,0.13468508179057695,0.10453306911072578,3.735867061533399,0.8721941666666667,1.26
海南省,2009,海南省2009,17234.914861960653,-0.052980132450331126,1046.0,0.10816326530612246,0.020041109969167522,131.0,0.12247974373469003,0.09375585974123384,4.222404933196301,0.5132485997414907,5.0
海南省,2010,海南省2010,20002.074074074073,0.20437956204379562,,0.15384615384615385,0.051927502876869966,379.0,0.1245493280891511,0.1035418451870894,3.7821058688147295,0.9462876407938089,7.93
海南省,2011,海南省2011,23287.581699346407,0.1965065502183406,1587.0,0.12011173184357542,0.028084526244035443,379.0,0.10016985322938896,0.08266597778351847,3.520313565098841,0.6691356162672593,15.1
海南省,2012,海南省2012,26501.220504475183,0.13813813813813813,2767.0,0.14058355437665782,0.06951703951494878,388.0,0.10332713370531102,0.2369703787026622,3.4157223499895464,0.6419491959701141,25.9113
海南省,2013,海南省2013,27701.51679306609,-0.15217391304347827,2882.0,0.16237113402061856,0.029325181159420288,683.0,0.09911380597014927,0.13803182851575188,3.8956748188405794,0.7507518796992482,38.78
海南省,2014,海南省2014,30302.915254237287,0.13003095975232198,3484.0,0.18324607329842932,0.022103313438979217,1217.0,0.09022279506536549,0.16848976711362035,3.745482609590451,0.694619588062211,47.6
海南省,2015,海南省2015,31922.63531984691,-0.13861386138613863,3325.0,0.18421052631578946,0.022945830797321973,1378.0,0.0917645788725552,0.20654376990637968,3.887259078920674,,28.28
海南省,2016,海南省2016,34353.151665290396,-0.008571428571428572,2688.0,0.2166172106824926,0.013803108808290155,1657.0,0.09317326643970614,0.23559438500049082,4.111233160621762,,36.3
海南省,2017,海南省2017,37206.64819944598,0.10975609756097561,1971.0,0.2298507462686567,0.009502176793488549,1656.0,0.0891846465200837,0.21812233027356176,3.9363240583002086,0.4982980712855726,30.5
海南省,2018,海南省2018,41479.32960893855,0.14634146341463414,1971.0,0.19584569732937684,0.008625429553264605,1258.0,0.093255620316403,0.24776324845147968,3.728917525773196,0.41133508618171194,30.5
海南省,2019,海南省2019,46541.03703703704,0.033542976939203356,1779.0,0.18446601941747573,0.008396052851647432,1501.0,0.11191733039861222,0.23460410557184752,3.787238668673691,0.7108262108262108,30.5
海南省,2020,海南省2020,40400.79730144128,-0.27802690582959644,2050.0,0.17849898580121704,0.01498026551847865,1875.0,0.11645747453648075,0.2628614344723995,4.0736275565123785,0.8338028169014085,30.5
海南省,2021,海南省2021,48815.276932440654,,2911.0,0.23978685612788633,0.012047323618525464,2348.0,0.12683823529411764,0.2115456938698759,3.529346414658779,0.5740197199147913,30.5
湖北省,2007,湖北省2007,14372.286812716064,0.38444230151076825,,0.3741935483870968,0.08431645077000055,2047.0,0.19326818675352878,0.05263564096627306,3.3754934119086006,0.6492228491968994,118.17
湖北省,2008,湖北省2008,16901.43491354552,0.40230460921843686,42282.0,0.13115577889447236,0.10347863577571537,2047.0,0.18935403382312171,0.06616943335203458,2.914747328053734,0.4836193447737909,164.43
湖北省,2009,湖北省2009,16710.657114455145,0.48590686274509803,50425.0,0.08079007415858529,0.11902085291691446,3834.0,0.24433790709208134,0.0736130053914524,2.629731233333973,0.9047759000734754,196.11
湖北省,2010,湖北省2010,18125.997581620315,0.5131360159627536,,0.29345531315974666,0.10878131156768928,5379.0,0.23644444444444446,0.09067753438614366,2.2424341179433243,0.5283644633494072,266.24
湖北省,2011,湖北省2011,22345.97504281869,0.4942685589519651,71281.0,0.109104589917231,0.10585765740480868,5379.0,0.14814814814814814,0.0697116157448587,1.9387922162971276,0.6691356162672593,361.43
湖北省,2012,湖北省2012,23788.087619985232,0.4572192513368984,77087.0,0.061465721040189124,0.10970832054037458,7025.0,0.18633034987794955,0.06357878687178685,1.8089243680278375,0.884752528490765,713.1022
湖北省,2012,湖北省2012,23788.087619985232,0.4572192513368984,77087.0,0.10328751708062053,0.10970832054037458,7025.0,0.18633034987794955,0.06357878687178685,1.8089243680278375,0.884752528490765,713.1022
湖北省,2013,湖北省2013,24423.363095238095,0.15892997639653816,85826.0,0.11699658703071672,0.12747716917300586,8745.0,0.2248104008667389,0.05995790018060095,1.535385337426912,0.711581604038138,909.12
湖北省,2014,湖北省2014,25279.788838612363,0.33011209895632004,91456.0,0.12283010590963214,0.14375794240303558,12444.0,0.24949152542372882,0.05955973245984608,1.4605072398918937,0.8310542567269519,1092.0
湖北省,2015,湖北省2015,25531.95823784059,0.2482726853984339,86813.0,0.14750502650338146,0.16803199369717317,16965.0,0.28348824494259156,0.08082247557003257,1.3253919998629822,,1261.15
湖北省,2016,湖北省2016,25463.778409090908,0.32231139646869983,96340.0,0.1827943793336197,0.1851680621769961,23972.0,0.29259565097715384,0.09581862271785838,1.2737470453908097,0.5804800364008645,1305.21
湖北省,2017,湖北省2017,26186.084103929446,0.3185211517952364,94241.0,0.23620586871563887,0.18146907293248757,25568.0,0.29445983379501384,0.09969210476873348,1.2046219363292534,0.8767780869156315,1618.1
湖北省,2018,湖北省2018,26048.71189914444,0.3646181537670352,105041.0,0.24381330939864085,0.16414044822756169,32421.0,0.31731843575418994,0.1103288088843725,1.1233972632259455,0.7108262108262108,1618.1
湖北省,2019,湖北省2019,30552.133981631552,0.13279678068410464,115743.0,0.31421944462341345,0.15517456517863965,38000.0,0.36444444444444446,0.09247205343704194,1.1023962922406987,0.42611707655005193,1618.1
湖北省,2020,湖北省2020,31773.631163170798,0.6113207547169811,125066.0,0.35962566844919786,0.2659673465050437,49197.0,0.4106102422569764,0.09596022561986906,1.3143373283642132,0.4170567563608903,1618.1
湖北省,2021,湖北省2021,38793.027724402964,,147504.0,,0.21844682588665082,61986.0,0.45313451004260497,0.10770960946215342,1.0795040116703136,0.5740197199147913,1618.1
湖南省,2007,湖南省2007,12241.815347306427,0.35995762711864404,,0.5124653739612188,0.03170275409433847,2356.0,0.09965468492896708,0.032832213665410455,3.566521499110593,0.7067736371169048,77.85
湖南省,2008,湖南省2008,14888.431876606684,0.43120567375886526,32465.0,0.14869558194006946,0.03610002919139827,2356.0,0.1335017876963525,0.05823135812888059,3.005497713340469,0.646728163735947,109.93
湖南省,2009,湖南省2009,15237.687006219532,0.3382059800664452,38041.0,0.11918539114751635,0.04260901942747005,7864.0,0.15323197491366408,0.06644868684737897,2.9198151433515123,0.6289236061344418,150.1
湖南省,2010,湖南省2010,20528.704422032584,0.4989926124916051,,0.4303086997193639,0.0526871173943924,7432.0,0.17149040984450364,0.061524682214337385,2.5163188690093685,0.5283644633494072,227.17
湖南省,2011,湖南省2011,23696.042113472413,0.5005506607929515,57478.0,0.13121192689964734,0.09320283989118175,7432.0,0.1705355515439335,0.07774183165210939,2.144648662995156,0.892203421447392,274.41
湖南省,2012,湖南省2012,25183.365949119372,0.40901771336553944,69784.0,0.1389910050840829,0.1200294428417091,8436.0,0.1960535514802292,0.08715995890472149,1.9878666999085846,0.5842899522765381,552.78
湖南省,2013,湖南省2013,26386.925795053005,0.3492706645056726,73558.0,0.14074564306198986,0.16338878176846736,10512.0,0.21826109576484287,0.09185153354460977,1.6252165103434753,0.4944241401930466,683.68
湖南省,2014,湖南省2014,27999.409681227862,0.3101449275362319,77428.0,0.1605334110617212,0.16353816975831398,14415.0,0.22254477477232432,0.09127524729017354,1.553464031075366,0.5545032497678737,800.0
湖南省,2015,湖南省2015,29157.83251231527,0.10509383378016086,83821.0,0.19518296169239566,0.17721249091674,19087.0,0.23942918875461647,0.09913197324044895,1.3877309060312848,0.7739530325304383,920.73
湖南省,2016,湖南省2016,30753.760886777512,0.1476028690071725,86440.0,0.2185761957730812,0.1898748588723067,22315.0,0.26196239679013167,0.10154836610650748,1.4084306600506635,0.4949627718379133,943.9
湖南省,2017,湖南省2017,33289.719626168226,-0.26658163265306123,94228.0,0.2668903361620946,0.21954004743319205,26697.0,0.26904396393186664,0.09837725288684705,1.4192608638816786,0.3562183824978648,1211.8
湖南省,2018,湖南省2018,34702.323717948726,0.030122869599682918,102800.0,0.37240734973528494,0.21799714434060227,33659.0,0.336758876364823,0.13492385198911344,1.4411808337041982,0.3562183824978648,1211.8
湖南省,2019,湖南省2019,36356.30320226996,0.3638003607937462,106946.0,0.43002052892162784,0.19600443488554328,39642.0,0.3766555388274312,0.12212259851746757,1.333883525900732,0.48742265267688994,1211.8
湖南省,2020,湖南省2020,35108.927108927106,0.18087727944800394,121470.0,0.4369208838203849,0.23326801812698567,39805.0,0.5033536585365853,0.15859870620956903,1.2902575515667587,0.4170567563608903,1211.8
湖南省,2021,湖南省2021,37425.0,,143908.0,0.40096474511672225,0.20723905723905722,46937.0,0.5641497851442603,0.15467933636835832,1.1462855505408698,0.57707670362498,1211.8
甘肃省,2007,甘肃省2007,12678.453505075331,0.39378238341968913,,0.384,0.013660997944309474,356.0,0.05653710247349823,0.03496601173293603,4.701317510745655,0.968240862703243,8.32
甘肃省,2008,甘肃省2008,14664.674390088647,0.26881720430107525,10035.0,0.11117078410311493,0.01137749561440147,356.0,0.04910096818810512,0.09044399780741824,4.397961740873779,0.9047759000734754,12.16
甘肃省,2009,甘肃省2009,16330.46926635823,0.06787330316742081,10239.0,0.06801007556675064,0.010560131795716639,790.0,0.053727333781061114,0.05736250739207569,4.446457990115321,0.5646196234221534,10.51
甘肃省,2010,甘肃省2010,18990.6062423035,0.5443383356070941,,0.25,0.012436485314165325,493.0,0.05798138869005011,0.05053777374627446,3.6124984508613216,0.5283644633494072,22.43
甘肃省,2011,甘肃省2011,23315.102328863795,0.35706340378198,9307.0,0.10072992700729927,0.01224835661462613,493.0,0.04278462654097172,0.045132413278627374,3.2835301972062445,0.5076756915078625,35.2
甘肃省,2012,甘肃省2012,26722.876411211222,0.23174603174603176,11445.0,0.10201729106628242,0.014327749038963505,855.0,0.06406480117820323,0.050836167303579566,3.2716814579279583,0.7375801282051282,69.86
甘肃省,2013,甘肃省2013,29503.487387949514,0.12481644640234948,12472.0,0.1468955073195356,0.019521789092194822,1028.0,0.07914201183431953,0.06356919390268256,3.220507380889243,0.7375801282051282,112.49
甘肃省,2014,甘肃省2014,32901.37980050487,0.2134387351778656,14380.0,0.16938579654510558,0.020557638040685677,1265.0,0.08679525222551929,0.09458403585968664,3.1678600008423534,0.5122436497802658,115.4
甘肃省,2015,甘肃省2015,34123.26014774707,10.319148936170214,12578.0,0.21345165810368985,0.027101791691277813,1884.0,0.09212481426448738,-0.29600609424311675,3.686011025792479,0.45894762385021953,112.22
甘肃省,2016,甘肃省2016,35555.260745815045,-0.04878048780487805,12610.0,0.21602288984263232,0.03778000501127537,2427.0,0.09023117076808351,0.33021463951568514,3.6581959408669507,0.7895747475204927,146.0
甘肃省,2017,甘肃省2017,37378.94210313801,1.0115384615384615,10096.0,0.2083989501312336,0.06711210096510764,2796.0,0.09050112191473449,0.09814345301382188,3.713749072011878,0.3723303723303723,67.8
甘肃省,2018,甘肃省2018,37686.30916950753,0.2951653944020356,8026.0,0.17214397496087636,0.06017573444572645,3208.0,0.08900523560209424,0.12204142011834321,3.471438714830922,0.46260017809439,67.8
甘肃省,2019,甘肃省2019,39275.60905428736,0.1419491525423729,8547.0,0.22794520547945205,0.05845331494094318,3413.0,0.08177044261065267,0.16400432971430445,3.3701267350633675,0.9203733903165945,67.8
甘肃省,2020,甘肃省2020,41710.968311644916,-0.10367892976588629,8614.0,0.21567622950819673,0.10133751213913657,4017.0,0.08940646130728776,0.15330267279877358,3.5776066036902976,0.4170567563608903,67.8
甘肃省,2021,甘肃省2021,47604.91606714628,,12547.0,0.5180560592715403,0.08096564858573746,4842.0,0.10614101592115238,0.16687143564447215,2.858400931085561,0.9136510165837932,67.8
福建省,2007,福建省2007,6363.66919465511,0.421342847875446,,0.33495145631067963,0.3814174502072591,1648.0,0.3026513256628314,0.13213938357312943,1.7969012233343444,0.8907355021216408,92.51
福建省,2008,福建省2008,7438.01652892562,0.44218551461245237,41784.0,0.08922350162385592,0.35769847548589884,1648.0,0.33300541072306933,0.1205209181908471,1.6537022386623619,0.9901982138967546,98.52
福建省,2009,福建省2009,7828.850855745722,0.3628005657708628,46433.0,0.07900368564974439,0.3262196757751121,2482.0,0.35911068148864184,0.10346451700557041,1.600749243092017,0.5646196234221534,92.9
福建省,2010,福建省2010,10785.82145536384,0.5168,,0.23258928571428572,0.34922156055294457,3847.0,0.3741721854304636,0.1127022312419478,1.4067663763146212,0.5283644633494072,161.18
福建省,2011,福建省2011,11934.945504087193,0.45235565001771166,75503.0,0.10640408047605554,0.3348655281726148,3847.0,0.27326914259513985,0.08644906220738317,1.2757222108600061,0.8632366075794221,212.7
福建省,2012,福建省2012,13164.017341040462,0.40476190476190477,90280.0,0.13135068153655513,0.31448480117549815,5400.0,0.3142597638510445,0.0897556925175582,1.2029846634218018,0.5930232558139535,280.1141
福建省,2013,福建省2013,13298.705966930265,0.4215143120960296,100200.0,0.14181141439205955,0.30442063376924827,7119.0,0.3357466063348416,0.07941816875799682,1.12935586827216,0.43831086237598577,377.48
福建省,2014,福建省2014,14396.422182468694,0.44424131627056673,110892.0,0.14876970855231725,0.2780045309018741,9176.0,0.3587201442091032,0.08719132181873249,1.1041143210200146,0.9247903828669563,406.0
福建省,2015,福建省2015,16027.360308285166,0.20426195426195426,99180.0,0.17621809744779582,0.28185435155831295,12424.0,0.3742793791574279,0.0833961912349247,1.077583184208853,0.45894762385021953,580.23
福建省,2016,福建省2016,16675.5710414247,0.31013776050865416,102250.0,0.20194647201946472,0.2879610655737705,18514.0,0.3816725978647687,0.11386998747084028,1.027663080601093,0.43416603668162485,987.9
福建省,2017,福建省2017,18238.89321901793,0.3461880747552655,105533.0,0.2204865114134194,0.352200172562554,24222.0,0.38372093023255816,0.10211619519402076,0.9758909902136822,0.8128071900014043,1036.1
福建省,2018,福建省2018,19913.73926619828,0.5289895085588073,120723.0,0.24567830566685747,0.3065435356200528,29543.0,0.4522952295229523,0.1272228661898165,0.8883708815371084,0.7936828755994134,1036.1
福建省,2019,福建省2019,20510.55512118843,0.13245334547109694,126089.0,0.2887389103575899,0.28944806439248755,34668.0,0.5357466063348416,0.11579691855385597,0.8763453430433116,0.9203733903165945,1036.1
福建省,2020,福建省2020,20222.048475371383,0.06096752816434725,140850.0,0.31727248607057573,0.33375044026768275,44702.0,0.5562103354487761,0.1498783504267229,0.8904735679293011,0.4170567563608903,1036.1
福建省,2021,福建省2021,25313.67924528302,,186328.0,0.20778072502210435,0.28490334995189365,45695.0,0.5980883022303141,0.18634538152610441,0.8286052435931077,0.4240396703256595,1036.1
西藏自治区,2007,西藏自治区2007,5344.860731373889,0.08211143695014662,,0.3522167487684729,0.032740213523131674,19.0,0.05063291139240506,0.13986013986013984,16.591459074733095,0.6829517960171226,0.07
西藏自治区,2008,西藏自治区2008,6464.224507283633,0.018518518518518517,39.0,0.14772727272727273,0.030564784053156147,19.0,0.04878048780487805,0.3111111111111111,15.489036544850498,0.6697660761475971,1.58
西藏自治区,2009,西藏自治区2009,7041.565323141071,0.08695652173913043,378.0,0.08045977011494253,0.02713864306784661,40.0,0.05917159763313609,0.26392961876832843,13.752802359882008,0.5646196234221534,3.0
西藏自治区,2010,西藏自治区2010,8346.82405845981,0.10606060606060606,,0.14285714285714285,0.02254901960784314,58.0,0.0650887573964497,0.19408502772643255,11.426960784313726,0.8247546462314881,1.68
西藏自治区,2011,西藏自治区2011,10287.2460496614,0.08080808080808081,22.0,0.08928571428571429,0.01851106639839034,58.0,0.029239766081871343,0.1480904130943102,9.380684104627766,0.4993523757584021,2.7
西藏自治区,2012,西藏自治区2012,12279.775280898879,0.07368421052631578,78.0,0.125,0.01602787456445993,71.0,0.034482758620689655,0.2017067494181536,8.122299651567944,0.9538360900850388,3.72
西藏自治区,2013,西藏自治区2013,14105.233853006683,0.05217391304347826,81.0,0.11842105263157894,0.014397496087636933,32.0,0.045714285714285714,0.44959128065395093,7.296087636932708,0.4347418966842597,3.23
西藏自治区,2014,西藏自治区2014,15606.043956043955,0.047619047619047616,130.0,0.10309278350515463,0.013199426111908177,44.0,0.05113636363636364,0.23885350318471338,6.688952654232425,0.6123105630180735,4.7
西藏自治区,2015,西藏自治区2015,17350.705754614548,0.0380952380952381,43.0,0.09615384615384616,0.012517006802721088,90.0,0.04419889502762431,0.533910533910534,6.343129251700681,0.45894762385021953,2.18
西藏自治区,2016,西藏自治区2016,18836.471221086606,0.128,208.0,0.09259259259259259,0.010043668122270744,115.0,0.04864864864864865,0.17709563164108616,5.089737991266376,0.5212824765063571,3.74
西藏自治区,2017,西藏自治区2017,20315.78947368421,0.15,202.0,0.10344827586206896,0.008356039963669392,96.0,0.0481283422459893,0.11278195488721804,4.234514078110809,0.8109158986175116,6.2
西藏自治区,2018,西藏自治区2018,22086.4262990456,0.10179640718562874,326.0,0.10569105691056911,0.007244094488188977,82.0,0.0427807486631016,0.2298850574712644,3.6710236220472443,0.6571709233791748,6.2
西藏自治区,2019,西藏自治区2019,23617.584745762713,0.022727272727272728,264.0,0.060810810810810814,0.006985573272589219,156.0,0.05789473684210526,1.0086455331412103,3.540015186028854,0.9203733903165945,6.2
西藏自治区,2020,西藏自治区2020,24662.79069767442,0.06341463414634146,190.0,0.0718562874251497,0.0058007566204287524,185.0,0.05699481865284974,0.41731872717788204,2.939596469104666,0.4170567563608903,6.2
西藏自治区,2021,西藏自治区2021,27737.539766702015,,266.0,0.34359612036806764,0.004844655081621906,227.0,0.08762886597938144,0.3393213572854291,2.4550816219062663,0.6829517960171226,6.2
贵州省,2007,贵州省2007,19791.895947973986,0.3394590846047157,,0.42911877394636017,0.026106504146268358,701.0,0.08063482570061517,0.08090132446534029,6.793885503047258,0.47748323219418715,17.97
贵州省,2008,贵州省2008,23004.918839153957,0.3185840707964602,6134.0,0.08695652173913043,0.02527754763877382,701.0,0.07872750642673522,0.08975416597921135,5.869096934548467,0.9007580978635424,16.09
贵州省,2009,贵州省2009,25222.812953117453,0.16524216524216523,7234.0,0.05692675159235669,0.029313801079414035,781.0,0.08197967338429464,0.11057215876492985,5.833461835003855,0.5646196234221534,21.8
贵州省,2010,贵州省2010,30900.18921475875,0.38316400580551524,,0.2653846153846154,0.027793117381641863,990.0,0.08431703204047218,0.08563422850486414,5.505710822277594,0.5492191811036091,19.69
贵州省,2011,贵州省2011,35869.784502521776,0.28363636363636363,9564.0,0.061733615221987316,0.024515881288057487,990.0,0.06715575620767494,0.06378781236299869,4.974408908881452,0.7355499438832772,62.21
贵州省,2012,贵州省2012,39560.39963669392,0.3373913043478261,12135.0,0.06068313953488372,0.02666300667947662,1370.0,0.07584269662921349,0.05278938470862174,3.936403147588983,0.7523224848924407,85.58
贵州省,2013,贵州省2013,43666.0633484163,0.3805668016194332,16049.0,0.049860724233983286,0.019129199068408795,1985.0,0.08296213808463251,0.04786365064404649,3.67052461216595,0.5747831887925283,107.46
贵州省,2014,贵州省2014,48139.70256872466,0.3850720949957591,15659.0,0.06007702182284981,0.04484737527725944,3146.0,0.10604395604395604,0.06986066043138005,3.4182234271027707,0.6123105630180735,143.8
贵州省,2015,贵州省2015,48819.068736141904,0.14147130153597412,14916.0,0.06358768406961178,0.09626408010012516,4096.0,0.12269272529858849,0.07767891260439981,2.9237202753441798,0.731766788226498,137.84
贵州省,2016,贵州省2016,52099.644128113876,0.3139717425431711,15774.0,0.12687878196369315,0.12412542479367164,5411.0,0.17751479289940827,0.06945526669972374,2.7431818830853585,0.8128071900014043,217.2
贵州省,2017,贵州省2017,57535.33094812165,0.05952380952380952,18786.0,0.17812088118998307,0.14386873920552676,6805.0,0.17543859649122806,0.07668552073763325,2.5764379546762965,0.43329057087876843,312.3
贵州省,2018,贵州省2018,66521.15211521152,0.2727272727272727,20041.0,0.16980118216012896,0.1319841555635578,6544.0,0.2518557794273595,0.08378070973612374,2.4092954027127598,0.961456102783726,312.3
贵州省,2019,贵州省2019,70832.57918552036,0.14926133469179828,23164.0,0.2300469483568075,0.1232967032967033,7740.0,0.2266949152542373,0.059254327563249005,2.3375801749271137,0.9203733903165945,312.3
贵州省,2020,贵州省2020,70786.49138712602,0.13610586011342155,26261.0,0.2826863007585899,0.0894925206806395,8487.0,0.21088794926004228,0.05314157747294385,2.2762504821910765,0.7668188375476965,312.3
贵州省,2021,贵州省2021,83262.63086026399,,26717.0,0.08064516129032258,0.07982528243457648,9357.0,0.20519618239660659,0.061561729778176116,2.153158870644008,0.4238595339678372,312.3
辽宁省,2007,辽宁省2007,8235.928219652935,0.4381941956288069,,0.26890034364261167,0.11916151925351558,1496.0,0.3572247443481451,0.05148533430283697,3.4515924124939765,0.08911917098445596,155.62
辽宁省,2008,辽宁省2008,10363.713080168774,0.5856287425149701,45568.0,0.048546352166758094,0.10395548545390816,1496.0,0.395778364116095,0.07255815143683308,2.966298633017876,,238.94
辽宁省,2009,辽宁省2009,11817.845444874722,0.3674659753726507,48112.0,0.03840061646474592,0.10560119492158326,3061.0,0.43871591058802867,0.04906110930207316,3.0844762034082422,0.5646196234221534,356.6
辽宁省,2010,辽宁省2010,15037.203335471457,0.5741140215716487,,0.1521594684385382,0.13528109991524626,4207.0,0.42588996763754045,0.059459801378961355,3.116489311611263,0.9473921774129624,440.27
辽宁省,2011,辽宁省2011,18187.956989247312,0.5061007957559682,47513.0,0.038566189518514135,0.12321385710856869,4207.0,0.2964184532115523,0.06112591141322311,2.8658426007413924,0.9396310788149804,350.63
辽宁省,2012,辽宁省2012,20298.81337648328,0.34669721267659415,52064.0,0.045252781460771316,0.12252117397200686,5054.0,0.3044805677036059,0.06568980453177539,2.854827153859932,0.9408512990602543,460.2012
辽宁省,2013,辽宁省2013,22246.439361242985,0.29404309252217997,59090.0,0.06359484303636469,0.11400318423802178,6923.0,0.2917940370796776,0.058162391008517715,2.5498283496691374,0.6078256323395876,611.52
辽宁省,2014,辽宁省2014,23078.482104355324,0.25176803394625175,63374.0,0.07736389684813753,0.11720840321073316,9055.0,0.2681289516821482,0.09304289652358336,2.6353743935068428,0.6123105630180735,563.9
辽宁省,2015,辽宁省2015,23076.09630266552,-33.0,49097.0,0.07537198146190748,0.0852438972975252,10372.0,0.25063280634051205,0.14509283323672942,2.841224334921371,0.9573294846099678,514.7
辽宁省,2016,辽宁省2016,23171.35494953833,0.6933976954219869,49254.0,0.13430602319491208,0.08124518322629391,14188.0,0.1998957065878672,0.25026503762665325,2.97347941065357,0.819620253164557,194.41
辽宁省,2017,辽宁省2017,24507.820869937863,0.1901893287435456,49463.0,0.21430727437367944,0.1039266941326893,19028.0,0.20133934433404824,0.13543381142722785,2.8499644835914193,0.7635189669087974,276.1
辽宁省,2018,辽宁省2018,26354.15778251599,0.3620146904512067,53133.0,0.2248904999244827,0.09465239949797508,21089.0,0.20171635848889677,0.16845853591727727,2.6885504677371355,0.5386521404791064,276.1
辽宁省,2019,辽宁省2019,27929.359355112432,-0.7955665024630542,52104.0,0.21406044678055192,0.09084970567049999,22848.0,0.22024660471765545,0.17355469557767866,2.7449641091875514,0.7537689168486417,276.1
辽宁省,2020,辽宁省2020,28242.36037934668,-0.5533980582524272,59978.0,0.24165054803352676,0.09663420187199595,28788.0,0.22770058269834156,0.18266950984924174,2.934416898558057,0.4238595339678372,276.1
辽宁省,2021,辽宁省2021,32887.87814681616,,63156.0,0.31257367387033397,0.08139242529164226,31740.0,0.25068493150684934,0.20793068253382266,2.47158152666063,0.021052631578947368,276.1
重庆市,2007,重庆市2007,8396.22908732274,0.4287852865697177,,0.5580985915492958,0.026580035440047254,1058.0,0.11709681591972061,0.050469532122616144,2.077807012833593,0.6350710900473934,67.09
重庆市,2008,重庆市2008,10513.393656363329,0.5384615384615384,23174.0,0.10406558474150912,0.033692771634835056,1058.0,0.1701922368218275,0.04804328106777245,1.8457689847391028,,53.55
重庆市,2009,重庆市2009,11602.176249806236,0.421195652173913,23279.0,0.0856207111665627,0.04100696130807835,1584.0,0.18968935888962327,0.06569343065693431,1.7802169337866278,0.9151256774748847,75.71
重庆市,2010,重庆市2010,14847.604532569369,0.5594555873925502,,0.3142493638676845,0.0734544219996605,2532.0,0.20889344500106383,0.04897896218592722,1.6932065863181125,0.9571428571428572,195.21
重庆市,2011,重庆市2011,18815.090024294448,0.475779376498801,27652.0,0.09020510673922143,0.21343440895086754,2532.0,0.1587861679604799,0.05481941394714924,1.4907707691476135,0.268562900031572,232.3
重庆市,2012,重庆市2012,20956.58209991267,0.20800571837026446,31577.0,0.10391173520561685,0.34029920305727734,3714.0,0.19615291209236,0.07778242612993694,1.3596588525888988,0.3352017665186479,371.5922
重庆市,2013,重庆市2013,22742.01340286638,-0.2541879096868172,36605.0,0.1201654973916172,0.4501832192139373,4792.0,0.2366110867429835,0.08109299250771264,1.3036664782126182,0.8752861644306376,415.1
重庆市,2014,重庆市2014,24380.76916419601,0.3675675675675676,43797.0,0.15814255560967688,0.533596528799419,6272.0,0.28184202141999365,0.08986296913755946,1.229745432875845,0.6123105630180735,563.3
重庆市,2015,重庆市2015,26276.41132577946,0.2627235213204952,45129.0,0.1852692075015124,0.5787085297518456,6328.0,0.3405345360292823,0.11516722621223068,1.2318366983901095,0.8741532976827094,770.88
重庆市,2016,重庆市2016,26885.19823181759,0.3092885375494071,47392.0,0.1984372696447,0.673496489264272,8585.0,0.408847508321675,0.12800601810284162,1.204116210440623,0.49525182296082754,1031.05
重庆市,2017,重庆市2017,28056.543767453797,0.010688836104513063,56416.0,0.28515858767205265,0.7973171675480459,12472.0,0.4085986512628591,0.14049152057102146,1.1691587127563525,0.38018847801579153,1201.9
重庆市,2018,重庆市2018,28849.456210646822,0.07036247334754797,61956.0,0.338452451269935,0.7889599719213157,17579.0,0.4184628704388449,0.20103388856978746,1.188991879516919,0.5386521404791064,1201.9
重庆市,2019,重庆市2019,32717.483799175232,0.08757323465926611,62424.0,0.38556916641768746,0.7547971549803107,18281.0,0.4477987723000192,0.17846519928613921,1.1733035196434567,0.502604005510916,1201.9
重庆市,2020,重庆市2020,37809.14634146341,0.31424481030780244,69843.0,0.41481695012972036,0.9462050123018824,20650.0,0.48508063794368766,0.20577087744684805,1.0902714996853007,0.021052631578947368,1201.9
重庆市,2021,重庆市2021,42845.303867403316,,83845.0,0.24979409342275563,0.8330369624079088,24388.0,0.5191846522781774,0.23713673791703963,1.0133253573452554,0.4496591710412912,1201.9
陕西省,2007,陕西省2007,20935.479433209515,0.4418968212610735,,0.4779270633397313,0.06422156910768226,931.0,0.15896671634376552,0.04183108567133544,2.765531880153482,,62.69
陕西省,2008,陕西省2008,25957.60167409699,0.469191270860077,26600.0,0.12143227815256875,0.0532222934016656,931.0,0.16086316821971555,0.032805082310032804,2.3757206918641898,,82.83
陕西省,2009,陕西省2009,25873.25984805235,0.26432748538011697,25897.0,0.07479484173505276,0.042586382418108866,1636.0,0.1742718446601942,0.04495908021215066,2.408527456733936,0.520585032812454,139.4
陕西省,2010,陕西省2010,27492.55663430421,0.5417306707629288,,0.26785714285714285,0.05475443606910436,2464.0,0.18290926548247718,0.052804561878644775,1.9401657380963528,0.268562900031572,163.6
陕西省,2011,陕西省2011,31711.277432449577,0.5437421515278359,30829.0,0.09011943539630836,0.045047969676635415,2464.0,0.15572592237661714,0.03713992238059819,1.6517310796351041,0.5147562018819504,143.5
陕西省,2012,陕西省2012,32247.7102071128,0.5092687950566427,36728.0,0.09337068160597572,0.04177581012113386,4752.0,0.18125298900047823,0.037526370538882574,1.5240930332656952,0.30921255472652154,222.0908
陕西省,2013,陕西省2013,31917.106673547976,0.37692747001713306,45809.0,0.12081667017470006,0.037678324414201686,5449.0,0.1923444976076555,0.04006749187726891,1.4825525017814976,0.8752861644306376,403.63
陕西省,2014,陕西省2014,30486.691124814613,0.32727272727272727,50753.0,0.15115134815981107,0.050910591688066664,6675.0,0.20704426463588768,0.061892790182376,1.4703710497353388,0.9307769513465656,620.7
陕西省,2015,陕西省2015,29526.951325781152,-1.9518072289156627,45052.0,0.1603547016441899,0.08140582546140526,7506.0,0.2254390128144281,0.09602442239644766,1.6535877690650824,0.48534583821805394,747.2
陕西省,2016,陕西省2016,28756.735616200243,0.18359941944847605,45362.0,0.1827021494370522,0.11092999764767743,11520.0,0.24869729985788724,0.13278791692888608,1.6807303269728375,0.45501944881238104,703.32
陕西省,2017,陕西省2017,30809.296625377512,0.2541016406562625,44672.0,0.18816775633870197,0.15970921546478153,14806.0,0.24869729985788724,0.09277049634413898,1.5241919615202422,0.38018847801579153,751.3
陕西省,2018,陕西省2018,34188.710961691584,0.33674675068924775,39315.0,0.17055711173358232,0.14468040624552986,16892.0,0.28267045454545453,0.1153388334769938,1.4194804194496098,0.5386521404791064,751.3
陕西省,2019,陕西省2019,35973.01644031451,0.2745387453874539,42983.0,0.17763251385533607,0.13899406970475375,18774.0,0.32308420056764425,0.1109962549355205,1.4247571327392468,0.020961131848912788,751.3
陕西省,2020,陕西省2020,35437.02375616316,-1.5424164524421593,48809.0,0.20541290770298404,0.24125191643211827,21932.0,0.35581947743467934,0.16445188432405367,1.5459897942838836,0.4533001245330012,751.3
陕西省,2021,陕西省2021,42860.7305936073,,50997.0,0.4595296691277003,0.18275019283937563,24226.0,0.37637494021999046,0.11238953079392289,1.2580260181485685,0.49524904214559384,751.3
青海省,2007,青海省2007,12169.895678092402,0.4328732747804266,,0.3835616438356164,0.002891566265060241,262.0,0.09420289855072464,0.011007558523519482,11.064626506024096,0.7908486148247911,1.64
青海省,2008,青海省2008,15311.427170181461,0.5585585585585585,793.0,0.09268292682926829,0.0022115739034279393,262.0,0.08197238161296425,0.0028221482192244737,9.206561002580168,0.9655679305544183,1.82
青海省,2009,青海省2009,16212.621359223302,0.016129032258064516,1551.0,0.060240963855421686,0.001936426744610888,150.0,0.0979020979020979,0.006998600279944011,9.402411399342347,0.9712142672877454,4.6
青海省,2010,青海省2010,20507.921267402784,0.5353159851301115,,0.17647058823529413,0.003917967554331191,87.0,0.09099772505687358,0.006592682122843643,8.615151515151515,0.4324975891996143,4.53
青海省,2011,青海省2011,26420.22041207475,0.61875,1833.0,0.05958549222797927,0.00137217140105922,87.0,0.08409340837052849,0.010769575947947049,7.571689937409727,0.9953996549741231,6.74
青海省,2012,青海省2012,31110.473457675755,0.375,2020.0,,0.0025286362653987463,170.0,0.08684464458025089,0.02960506838770798,7.5121677112599965,0.5543810777467963,15.81
青海省,2013,青海省2013,34243.54066985646,0.07456140350877193,2039.0,0.07677543186180422,0.004701195219123506,205.0,0.08911521323997454,0.05232441135037231,7.506294820717131,0.8752861644306376,26.98
青海省,2014,青海省2014,36327.46311280342,0.2265193370165746,2068.0,0.07922535211267606,0.006620416253716551,246.0,0.1134572959344469,0.05838591204444863,7.91219028741328,0.849776042653387,37.8
青海省,2015,青海省2015,33712.861888941625,-0.5263157894736842,1285.0,0.06086956521739131,0.006913245546088303,271.0,0.12756689483509645,0.07811348563006633,7.9879357087529055,0.45752055457036916,56.47
青海省,2016,青海省2016,34234.48602558029,0.05161290322580645,1750.0,0.09612141652613827,0.001874790759959826,393.0,0.13876040703052728,0.11247188202949263,6.8653498493471705,0.778155141964407,76.9
青海省,2017,青海省2017,39000.0,-4.132075471698113,1799.0,0.10017574692442882,0.042813231850117095,399.0,0.13761467889908258,0.08901196716447433,6.137441451990632,0.38018847801579153,100.9
青海省,2018,青海省2018,43030.77651515151,0.3958333333333333,1157.0,0.10238907849829351,0.03762057877813505,559.0,0.13361676283024598,0.15948963317384368,5.613144694533762,0.016121099513634624,100.9
青海省,2019,青海省2019,44748.81740775781,0.43564356435643564,2379.0,0.16923076923076924,0.035588271079206715,760.0,0.11205330102967899,-0.009455013047918005,5.152974814454312,0.4102620278678468,100.9
青海省,2020,青海省2020,41521.14014251782,-0.9,1557.0,0.12758620689655173,0.1260414036859379,1061.0,0.13261648745519714,0.11630160883892227,5.239030547841454,0.3769970528928184,100.9
青海省,2021,青海省2021,55179.81826877092,,1626.0,0.2057074910820452,0.10186696592532135,1224.0,0.15162454873646208,0.07720193340494091,4.789298102428076,0.5690486025058515,100.9
青海省,2021,青海省2021,55179.81826877092,,1626.0,0.14533965244865718,0.10186696592532135,1224.0,0.15162454873646208,0.07720193340494091,4.789298102428076,0.5690486025058515,100.9
黑龙江省,2007,黑龙江省2007,11554.119547657512,0.4683277027027027,,0.340956340956341,0.004117882056482592,1002.0,0.09520682862770848,0.015970689088261544,2.880673611751329,0.5894909260605474,43.47
黑龙江省,2008,黑龙江省2008,15679.499835472196,0.44545454545454544,28283.0,0.08265027322404371,0.0047721478648820904,1002.0,0.10688836104513064,0.019156724769076115,2.6501487146802636,0.4509616468178536,45.31
黑龙江省,2009,黑龙江省2009,14757.990867579909,-1.1575091575091576,27658.0,0.06880838459785828,0.005809463431502507,1618.0,0.11134789557805008,0.044120006417455476,3.016166215203735,0.571765274046733,64.41
黑龙江省,2010,黑龙江省2010,17479.53216374269,0.49326599326599324,,0.20665499124343256,0.00438098662078529,1532.0,0.09467174119885823,0.038196057077881526,2.8605582804755914,0.9694132334581773,103.9
黑龙江省,2011,黑龙江省2011,21648.414985590778,0.36421147763217354,39661.0,0.08056872037914692,0.0038080615863679613,1532.0,0.069774496915765,0.03248885355822072,2.6205561802612234,0.9502897904592065,115.3
黑龙江省,2012,黑龙江省2012,23313.95348837209,0.005405405405405406,36256.0,0.07798517003323958,0.0034149916247906194,2055.0,0.07939639017654601,0.034738823810662206,2.6712311557788944,0.5543810777467963,166.3623
黑龙江省,2013,黑龙江省2013,24530.434782608696,-0.19790301441677588,37296.0,0.07526148249204184,0.004685537828100875,2342.0,0.08881770529994175,0.04116441302752448,2.4402058672156457,0.8752861644306376,148.99
黑龙江省,2014,黑龙江省2014,25610.46511627907,-0.523972602739726,37509.0,0.0743321718931475,0.005499238057377592,3052.0,0.09352517985611511,0.0512372403384041,2.640274741049935,0.5186194192641428,141.7
黑龙江省,2015,黑龙江省2015,25501.457725947523,-16.22222222222222,31762.0,0.08073041806823643,0.006321823089123236,3351.0,0.09808219178082192,0.151798576619579,3.0896797351067087,0.6778711484593838,142.39
黑龙江省,2016,黑龙江省2016,26979.591836734693,-1.3476821192052981,32219.0,0.0965133906013138,0.00724022213642978,4716.0,0.09797297297297297,0.22332002436218445,3.2875003712172957,0.6878660656707686,139.3
黑龙江省,2017,黑龙江省2017,32825.58139534884,-0.8143133462282398,24046.0,0.10989010989010989,0.0059111620842503335,5760.0,0.10241318422601531,0.1583873290136789,3.4896624407178947,0.38018847801579153,150.4
黑龙江省,2018,黑龙江省2018,34521.739130434784,0.08932461873638345,13110.0,0.08796791443850267,0.005837695533719044,4708.0,0.09541284403669725,0.09034907597535935,3.500749992347017,0.43880871991016257,150.4
黑龙江省,2019,黑龙江省2019,37099.125364431486,-0.02437249909057839,15054.0,0.09345794392523364,0.005719856028794241,6232.0,0.1096067053513862,0.0886822299985619,3.483473305338932,0.3769970528928184,150.4
黑龙江省,2020,黑龙江省2020,37979.651162790695,-2.2093023255813953,14272.0,0.1268267223382046,0.006698058812223717,8260.0,0.12763068567549218,0.09952484910748684,3.691812415913896,0.46772049047126607,150.4
黑龙江省,2021,黑龙江省2021,51078.260869565216,,15444.0,0.14810562571756603,0.005574513463076513,9611.0,0.15985915492957747,0.08938880405229245,3.2502266062383365,0.7661800064904413,150.4
